lyrics_id,lyrics_text
lyrics-000797,"The drugs do work
They keep us busy and aloof
Your lies do work
'cause we're all so short of time
You're losing heart
Don't you think I see this all the time?
The drugs do work
The drugs do work
The drugs do work

It looks right from the distance
But the killer is in your arms It
feels good while you're at it
But all you do is harm

The drugs do work
You feed us new stuff every day
Who's got the time
To verify everything you say
Just serve us well
Your pre-digested food
The drugs do work
The drugs do work

It looks right from the distance
But the killer is in your arms
It feels good while you're at it
But all you do is harm"
lyrics-000798,"Sa me amala oro kelana
Oro kelana, dive kerna
Sa o Roma daje
Sa o Roma babo babo
Sa o Roma o daje
Sa o Roma babo babo Ederlezi, Ederlezi
Sa o Roma daje

Sa o Roma babo, e bakren chinen
A me chorro, dural vesava
Romano dive, amaro dive
Amaro dive, Ederlezi

Ediwado babo, amenge bakro..."
lyrics-000799,"I need to find a new obsession
The last one didn't end so well
Turned out that I was just a pusher
Bet you a fix you couldn't tell

And they just launched a brand new platform
So you could buy a better deal
And it's in perfect resolution
But would it change the way you feel?

Just give me something I could die for
Take me somewhere you could kill
And light the way with fame and glory
There is no such thing as ""real""

I need to find a new obsession

They say to take it after breakfast
And don't take more than just a few
So that you don't end up all crazy
We still want you to stay you

Cause it's important that you stay here
And that you find something to do
And that you keep up with the fashion
Because if it's not you then who?

Just give me something I could die for
Take me somewhere you could kill
And light the way with fame and glory
There is no such thing as ""real""

I need to find a new obsession"
lyrics-000800,"Hide me, early in the morning
No word of warning
Of what's to come
I'll follow, wherever you take me
Wherever fate leads
Me down to go

Take me, take me out of the water
Guide me to the border
And see me home
Guard me, steer me through the wasteland
I can be a shadow
That sails with you

Let me leave here alive
Shine on, my guiding light
Let me leave here, alive

Hold me, 'til I grow weightless
Navigate the darkness
So far from here

Light up, all that's uncertain
Is that heaven, waiting?
For me above

Let me leave here, alive
Shine on, my guiding light
Let me leave here alive"
lyrics-000801,"Who's creeping round the corner?
Who's never up to good?
Who's hoping no one finds out?
Carried away, carried away

Who's hoping for the future?
Who's dreaming of the past?
Who's always in the presence?
Carried away, carried away

Who's holding onto someone
Who's hiding how they feel?
Who's slightly maybe in love?
Carried away, carried away

Who's the one, the one they need
The one you hold in high regard
The one who knows and doesn't mind, well
Keep it that way, keep it that way

Keep it close, close, steady
You know who you are
What shoulder and what art
Could twist the sinews of the heart?

Keep it close, close, steady
You know who you are
What shoulder and what art
What shoulder and what
What shoulder and what art
What shoulder and what art
Could twist the sinews of thy heart?

Who's adding up the chances?
Who's closing up the deal?
Who's wishing they could go back
Back to the day, back to the day

Who's running things around here?
Who, may I ask, is this?
Who's dancing round the question?
Dancing away, dancing away?

Who's the one, the one in charge
The one who's calling all the shots
The one who knows and doesn't mind?
Give it away, give it away

Keep it close, close, steady
You know who you are
What shoulder and what art
Could twist the sinews of the heart?

Keep it close, close, steady
You know who you are
What shoulder and what art
Could twist the sinews of the heart?

Keep it close, close, steady
You know who you are
What shoulder and what art (who's the one, the one you need)
Could twist the sinews of the heart?

Keep it close, close, steady
You know who you are
What shoulder and what art
What shoulder and what
What shoulder and what art
What shoulder and what
What shoulder and what art..."
lyrics-000802,"Me istumme junassa
Vaunu kolisee raiteilla
Tää on pikajuna kuiluun

Me ahmimme kilometrejä
Tässä kuoleman koneessa
Takana palaa maa
Me pidämme hauskaa

Tää on viimeinen pikajuna kuiluun
Ja vaikka tulvii maa ja raiteet katoaa
Ei sitä meistä kukaan huomaa

Ei me kuulla, on nii hyvä tunnelma
Me sikailemme, syljeksimme
Elämää halveksimme silmät kiinni

Ja kun me syöksymme kaaressa
Ja kiskot lakkaavat kantamasta
Kuilun reunalta joku vielä huutaa
Että, ""Vittu, carpe diem!""

Tää on viimeinen pikajuna kuiluun
Me kylvämme tuhoa
Me tuhoamme maan ja juna yskii

Tää on viimeinen puhdistus
Nuori linkolai ja joku hippi huutaa
Että pysähtykää hullut

Mut ei me kuulla, on nii hyvä tunnelma
Me sikailemme, syljeksimme
Elämää halveksimme loppuun asti

Ja kun me syöksymme kaaressa
Ja kiskot lakkaavat kantamasta
Kuilun reunalta joku vielä huutaa
Että, ""Vittu, carpe diem!""

Ja kun me syöksymme kaaressa
Ja kiskot lakkaavat kantamasta
Kuilun reunalta joku vielä huutaa

Ja kun me syöksymme kaaressa
Ja kiskot lakkaavat kantamasta
Kuilun reunalta huudamme
Meidän jälkeemme hiljaisuus"
lyrics-000803,"Now that you're out of my life, so much better
Thought I would be weak without you, but I'm stronger
Thought I would be broke without you, but I'm richer
Thought I would be sad, I laugh harder
Thought I wouldn't grow without you, but I'm wiser
Thought I would be helpless, but I'm smarter
You thought I would be stressed out, but I'm chillin'
You thought I wouldn't sell, I sold 9 million

I'm a survivor
Not gonna give up
Not gonna stop
Gonna work harder
I'm a survivor
I'm gonna make it, Lord

Thought I couldn't breathe without you, I'm inhaling
Thought I couldn't see without you, perfect vision
Thought I couldn't last without you, I'm lasting
Thought I would die, but I'm livin'
Thought I would fail without you, but I'm on top
Thought it would be over by now, but it won't stop
Thought I would self destruct, but I'm still here
Even in my years to come, I'm gonna be here, Lord

I'm a survivor
Not gonna give up
Not gonna stop
Gonna work harder
I'm a survivor
I'm gonna make it, Lord

Wishing you the best
Pray that you are blessed
Much success, no stress

And lots of happiness
I'm better than that
Not gonna blast you on the radio
I'm better than that
Not gonna lie to you and your family
I'm better than that
Not gonna diss you on the internet

'Cause my mama taught me better than that

I'm a survivor
Not gonna give up
Not gonna stop
Gonna work harder
I'm a survivor
I'm gonna make it, Lord

And after all of the sadness and darkness
Soon comes happiness
I'm a survivor
Not gonna give up
Not gonna stop
Gonna work harder
I'm a survivor
I'm gonna make it, Lord
I'm a survivor, Lord"
lyrics-000804,"Deep inside your arms, it's a new day
Deep inside your arms, it's a new day
We meet between the sun and the moon and stars
We meet between the sun and the moon and stars

Deep inside your arms, it's a new day
Deep inside your arms, it's a new day
We meet between the sun and the moon and stars
We meet between the sun and the moon and stars"
lyrics-000805,"Vse lude v selie pudnialisie
Sełom sudiat mene
Razorvałoś, razsypałoś serce
Stała bolna mnie

Vse lude v selie pudnialisie
Sełom sudiat mene
Razorvałoś, razsypałoś serce
Stała bolna mnie

Vse lude v selie pudnialisie
Sełom sudiat mene
Razorvałoś, razsypałoś serce
Stała bolna mnie

Vse lude v selie pudnialisie
Sełom sudiat mene
Razorvałoś, razsypałoś serce
Stała bolna mnie

U srebrne lusterka uzirałasia
Da lička dzivavałasia
Oj ličku, dyj rumianku
Haruješ biez ustanku
U lusterka uzirałasia
Da lička dzivavałasia
Oj ličku, ty rumianku
Haruješ biez ustanku

Było b charašo zabyt' pra toje
Novyj dzień, bolše boli
Nowy dzień paranoji
Jak zahłušyt' hetu bol
Mnie treba pačuć ad nowa
Na sercy tolki choład
Okružaje paranoja, paranoja
Paranoja, paranoja

Rozohnajte dumki
Heta maja vina, ja słaba
Naivna, stomlena
V kletcy žyła, mnie bolna

Vse lude v selie pudnialisie
Sełom sudiat mene
Razorvałoś, razsypałoś serce
Stała bolna mnie

Vse lude v selie pudnialisie
Sełom sudiat mene
Razorvałoś, razsypałoś serce
Stała bolna mnie"
lyrics-000806,"There's something in the wind
Reminds me of the night you ran away
There's something in the air
Is true

The night that was overwhelming you
You boarded up your doors and drove
To desert lake to try and be alone
You said your dreams were giving sings

And you traveled all the back roads of your mind
Where are you now
I can't say

Do you think the badlands took your heart away
The story goes you couldn't take the heat
Forever shrouded in a mystery"
lyrics-000807,"Can you see it?
There's something in the light that's twinkling low
Can you hear it?
The crackling of my bones like a beating drum
Are you with it?
Everybody's grooving to the same old song
I am with it
I am with you now
I am with you now

Can you see it?
There's something in the light that's twinkling low
Can you hear it?
The crackling of my bones like a beating drum
Are you with it?
Everybody's grooving to the same old song
I am with it
I am with you now
I am with you now

Can you hear it?
The crackling of my bones like a beating drum
Are you with it?
Everybody's grooving to the same old song
I am with it
I am with you now
I am with you
I am with you
I am with you

(I am with you)
(I am with you)
(I am with you)
(I am with you)

Are you with it?
Everybody's moving to the same old song"
lyrics-000808,"My Boat, sweet anger, sweet salvage, Cast anchor upon my fingers.
We'll travel but linger.
On thougts, the coasts of past hopes, eroded with tears, teardrops.

We'll take it slow or to the tempo of the shadows. Pretend to be lost in the world of clef notes.
me and My Boat.

You've got no sails, you won't give in to the winds. As far as eyes can tell. You indulge my every whim. Each stroke soaked in passion.

Ref :
My Boat, sweet anger, sweet salvage, Cast anchor upon my fingers.
We'll travel but linger.
On thougts, the coasts of past hopes, eroded with tears, teardrops.

We'll take it slow or to the tempo of the shadows. Pretend to be lost in the world of clef notes.
me and My Boat.

Et dans mes voyages musicaux je rêve de long en large. Enfouie dans mon bateau. Accroupie, enivree entre les cordes de vynile. Admirant le beau paysage, le gros paysage. Paysage en clé de sol.

Ref :
My Boat, sweet anger, sweet salvage, Cast anchor upon my fingers.

We'll travel but linger.
On thougts, the coasts of past hopes, eroded with tears, teardrops.

We'll take it slow or to the tempo of the shadows. Pretend to be lost in the world of clef notes.
me and My Boat."
lyrics-000809,"I was a child then, as I guess I still am now
I wrote you letters you could not read
And if I ever die, as I eventually will do
I'll see you on the burning street

We went to wales, oh
On a sailboat
In a lightning storm
She covered up my face, wooh
Not to hide me up
But to keep me warm

We went to wales, oh
On a sailboat
In a lightning storm
She covered up my face, wooh
Not to hide me up
But to keep me warm

I stayed up counting stars, and hungering for you
To find out what the kid was named
And in the lonely dark that always precedes you
I was the secret in your game

We went to wales, oh
On a sailboat
In a lightning storm
She covered up my face, wooh
Not to hide me up
But to keep me warm

We went to wales, oh
On a sailboat
In a lightning storm
She covered up my face, wooh
Not to hide me up
But to keep me warm

Beneath our storm
Like she's always done
Like she's always done
Like she's always done

Like she's always done
Like she's always done
Like she's always done

We went to wales, oh
On a sailboat
In a lightning storm
She covered up my face, wooh
Not to hide me up
But to keep me warm"
lyrics-000810,"Eins, zwei

Stell dir vor, du wärst ein Stein im Meer
Und niemand würd dich fragen, ob du einsam wärst
Da unten blieb alles, wie es schon immer war
Was hier oben passiert, wär dir egal
Ich war schon immer was zwischen Engel und Tier
Ich sitz' an der Bar, was kann ich dafür
Dass die Welt nicht so ist, wie sie gern wär?
Oh, ich trink' wie ein Stein und die Nacht wird zum Meer

Das ist alles, was mein Herz noch von mir weiß
Bin ich jetzt auch hier allein?
Das ist alles, was mein Herz noch von mir weiß
Bin ich jеtzt auch hier allein?

Oh, ich kann kaum noch steh'n, doch diе Nacht ist noch lang
Ich gehe vor die Tür, schau' mir die Leute an
Sie fliegen durch die Straßen wie die Blätter im Wind
Und ich frage mich, wo all die Bäume sind
Heute bin ich zum Fliegen zu schwer
Also geh' ich immer weiter und komm' nicht näher
Die Stadt hört nicht auf, warum bin ich so klein?
Oh, der Wind wird zum Sturm und das Meer ist aus Stein

Das ist alles, was mein Herz noch von mir weiß
Bin ich jetzt auch hier allein?
Das ist alles, was mein Herz noch von mir weiß
Bin ich jetzt auch hier allein?

Hmm, hm-hm
Hmm, hm-hm
Hmm, hm-hm
Hmm, hm-hm
Hmm, hm-hm
Hmm, hm-hm
Hmm, hm-hm
Hmm, hm-hm

Ohh, das ist alles, was mein Herz noch von mir weiß
Bin ich jetzt auch hier allein?
Das ist alles, was mein Herz noch von mir weiß
Bin ich jetzt auch hier allein?
Das ist alles, was mein Herz noch von mir weiß
Bin ich jetzt auch hier allein?
Das ist alles, was mein Herz noch von mir weiß
Bin ich jetzt auch hier allein?"
lyrics-000811,"It’s all a mystery
Do you think I’m lost at sea?
Go fix me up another from above

This is not my confession
Come stand by me
I’m never gonna see down here again

That’s not me
Standing there, in the light
Put it on for the night
Yeah, I’m the performer
Stand on stage
Not another night
Not another night

Yeah, we’ve all been here before
A (?) through the mind my friends
It doesn’t really matter what they say at all
‘Cause the fear pushing me back to
Where I left off before
You'll never see me
See me again

That’s not me
Standing there, in the light
Put it on for the night
Yeah, I’m the performer
Stand on stage
Not another night
Not another night

I’m the performer
Can’t you see?
No spectator
What you know about me?
Won't you look at me?"
lyrics-000812,"The further I go on the road
The more I've seen you in the pain
And from your pain that I've seen
Rise all these feelings in me
I can't take no more
On I go and try to ignore them
Do some other random shit and
There's nothing wrong, I'm just okay

No matter how it feels like
No matter what I feel

All the blood that runs
While this show is still on
I try not to see while I'm having fun
Take my eyes away
And it's gonna be alright
The more your pain I ignore
The less of human’s in me

The further I go on the road
The more I learn to ignore myself
And all your pain that I feel
Is way too much over the top so
I pretend it's fine
But I know it's just not to show
I'm not sure I know, how long I can go

You can run, but you can't hide
There's no turning away
No matter how hard you've tried
I'm so sorry to say

All the blood that runs
While the show is still on
I try to not to see
It's getting hard not to do so
Take your eyes away
Than it must be alright
The less your pain I ignore
The more of human’s in me

You can get through life
And wait for the time to decide
Your way of how you go by
Before you die, say goodbye!

All the blood that runs
While this show is still on
Those who bleed the most
Are the ones, that are weak
You can call your mum
Hope it's gonna be alright
Running out of time"
lyrics-000813,"Look to the sky, way up on high
There in the night stars are now right
Eons have passed: now then at last
Prison walls break, Old Ones awake!
They will return: mankind will learn
New kinds of fear when they are here
They will reclaim all in their name
Hopes turn to black when they come back
Ignorant fools, mankind now rules
Where they ruled then: it's theirs again
Stars brightly burning, boiling and churning
Bode a returning season of doom
Scary scary scary scary solstice
Very very very scary solstice
Up from the sea, from underground
Down from the sky, they're all around
They will return: mankind will learn
New kinds of fear when they are here
Look to the sky, way up on high
There in the night stars are now right
Eons have passed: now then at last
Prison walls break, Old Ones awake!
Madness will reign, terror and pain
Woes without end where they extend
Ignorant fools, mankind now rules
Where they ruled then: it's theirs again
Stars brightly burning, boiling and churning
Bode a returning season of doom
Scary scary scary scary solstice
Very very very scary solstice
Up from the sea, from underground
Down from the sky, they're all around
(Fear)
Look to the sky, way up on high
There in the night stars now are right
They will return"
lyrics-000814,"Ajai Alai Abhai Abai Abhoo Ajoo Anaas Akaas
Aganj Abhanj Alakkh Abhakkh Akaal Dyaal Alaykh Abhaykh
Anaam Akaam Agaaha Adhaaha
Anaathay Pramaathay Ajonee Amonee
Na Raagay Na Rangay Na Roopay Na Raykhay
Akarmang Abharmang Aganjay Alaykhay"
lyrics-000815,"Щедрик щедрик щедрівочка
Прилетіла ластівочка
Стала собі щебетати
Господаря викликати

Вийди вийди господарю
Подивися на кошару
Там овечки покотились
А ягнички народились

Щедрик щедрик щедрівочка
Прилетіла ластівочка

Вийди вийди господарю
Подивися на кошару
Там овечки покотились
А ягнички народились

В тебе товар весь хороший
Будеш мати мірку грошей
В тебе товар весь хороший
Будеш мати мірку грошей

Щедрик щедрик щедрівочка
Прилетіла ластівочка
Щедрик щедрик щедрівочка
Прилетіла ластівочка

Хоч не гроші то полова
В тебе жінка чорноброва

Щедрик щедрик щедрівочка
Прилетіла ластівочка
Стала собі щебетати
Господаря викликати

Вийди вийди господарю
Подивися на кошару
Там овечки покотились
А ягнички народились

Щедрик щедрик щедрівочка
Прилетіла ластівочка
Щедрик щедрик щедрівочка
Прилетіла ластівочка
Щедрик щедрик щедрівочка
Щедрівочка"
lyrics-000816,Om Mani padme hum.
lyrics-000817,"om
benzar sato sa ma ya
ma nu pa la ya
benzar sato te no pa
tishtha dri dho me bha wa
su to ka yo me bha wa
su po ka yo me bha wa
anu rakto me bha wa
sarva siddhi me pra yatsa
sarva karma su tsa me
tsittam shre yam ku ru
hung
ha
ho
bha ga wan sarva ta tha ga ta
benzra ma me muntsa
benzri bha wa
ma ha sa ma ya sato
ah"
lyrics-000818,"Sole alla valle e sole alla collina
Per le campagne non c'è più nessuno

Addio, addio, amore
Io vado via
Amara terra mia
Amara e bella

Cieli infiniti e volti come pietra
Mani incallite ormai senza speranza

Addio, addio, amore
Io vado via
Amara terra mia
Amara e bella

Fra gli uliveti è nata già la luna
Un bimbo piange e allatta un seno magro

Addio, addio, amore
Io vado via
Amara terra mia
Amara e bella"
lyrics-000819,"Swinging in the backyard
Pull up in your fast car
Whistling my name

Open up a beer
And you say, ""Get over here
And play a video game""

I'm in his favourite sundress
Watchin' me get undressed
Take that body downtown

I say, ""You the bestest""
Lean in for a big kiss
Put his favourite perfume on
Go play your video game

It's you, it's you, it's all for you
Everything I do
I tell you all the time
Heaven is a place on earth with you
Tell me all the things you wanna do
I heard that you like the bad girls
Honey, is that true?

It's better than I ever even knew
They say that the world was built for two
Only worth living if somebody is loving you
And, baby, now you do

Singin' in the old bars
Swingin' with the old stars
Livin' for the fame

Kissin' in the blue dark
Playin' pool and wild darts
Video games

He holds me in his big arms
Drunk and I am seeing stars
This is all I think of

Watchin' all our friends fall
In and out of Old Paul's
This is my idea of fun
Playin' video games

It's you, it's you, it's all for you
Everything I do
I tell you all the time
Heaven is a place on earth with you
Tell me all the things you wanna do
I heard that you like the bad girls
Honey, is that true?

It's better than I ever even knew
They say that the world was built for two
Only worth living if somebody is loving you
And, baby, now you do

(Now, now you do)
(Now you do)
(Now you do)
(Now, now you do)
(Now you do)
(Now you do)

It's you, it's you, it's all for you
Everything I do
I tell you all the time
Heaven is a place on earth with you
Tell me all the things you wanna do
I heard that you like the bad girls
Honey, is that true?

It's better than I ever even knew
They say that the world was built for two
Only worth living if somebody is loving you
And, baby, now you do

(Now, now you do) Hmm, hmm, hmm
(Now you do)
(Now you do)
Now you do
(Now, now you do)
(Now you do)
(Now you do)"
lyrics-000820,"Patrzę na twoją fotografię
Którą dziś przysłałeś mi
I wypowiedzieć nie potrafię
Męki tych ostatnich dni
Dziś przebolałam już
Wszystko zapomniałam już
Wszystko zrozumiałam i wiem

Już nigdy
Nie usłyszę kochanych twych słów
Już nigdy
Do mych ust nie przytulę cię znów
Na zawsze
Pozostaną dni smutku i mąk
Nie oplecie pieszczotą mnie w krąg
Biel twoich rąk
Już nigdy

Już nigdy
Jak okrutnie dwa słowa te brzmią
Już nigdy
Nie zobaczę twych oczu za mgłą
Odszedłeś
Jakże trudno pogodzić się z tym
Że nie wrócisz ni nocą, ni dniem
Myślą ni snem
Już nigdy

Czyż można samym żyć wspomnieniem
Echem zapomnianych burz?
Byłeś mi wszystkim - jesteś cieniem
Tego, co umarło już
Żegnaj, kochany mój
I niezapomniany mój
Sercem całowany mój śnie

Już nigdy
Jak okrutnie dwa słowa te brzmią
Już nigdy
Nie zobaczę twych oczu za mgłą
Odszedłeś
Jakże trudno pogodzić się z tym
Że nie wrócisz ni nocą, ni dniem
Myślą ni snem
Już nigdy"
lyrics-000821,"Se ti fanno un po' soffrire
Perdonali perché
Non sanno cosa fanno
Io soffro come te
Se il tuo sorriso triste
Non li ha convinti mai
Tu non li devi odiare
Perdonali se puoi
Qualcuno deve amare
E lo faremo noi

One, two, three, four

Sha-la-la-la-la-la
Piangi con me
Sha-la-la-la-la-la
Piangi con me
Domani forse cambierà, vedrai
Sha-la-la-la-la-la
Piangi con me
Piangi con me

Se ti fanno un po' soffrire
Perdonali perché
Non sanno cosa fanno
Io soffro come te
Se il tuo sorriso triste
Non li ha convinti mai
Tu non li devi odiare
Perdonali se puoi
Qualcuno deve amare
E lo faremo noi

One, two, three, four

Sha-la-la-la-la-la
Piangi con me
Sha-la-la-la-la-la
Piange con me
Domani forse cambierà, vedrai
Sha-la-la-la-la-la
Piangi con me
piangi con me

Baby, oh, oh, oh, baby, ascoltami
Baby, baby, ascoltami
Devi essere forte
Tu devi essere forte insieme a me
Baby, insieme a me, baby
Oh-oh-oh, baby
Oh-oh-oh, baby
Insieme a me
Insieme a me

Sha-la-la-la-la-la
piangi con me
Sha-la-la-la-la-la
piangi con me
Domani forse cambierà, vedrai
Sha-la-la-la-la-la
Piangi con me (piangi con me)
Sha-la-la-la-la-la
Piangi con me (baby, baby)

Sha-la-la-la-la-la
Piangi con me
Sha-la-la-la-la-la
Piangi con me (piangi con me)"
lyrics-000822,"You wanna know if I know why?
I can't say that I do
Don't understand the evil eye
Or how one becomes two
And I just can't recall what started it all
Or how to begin in the end
I ain't here to break it
Just see how far it will bend
Again and again, again and again

I wanna make it
I wanna make it wit chu
Anytime, anywhere
I wanna make it (again and again)
I wanna make it wit chu

Sometimes the same is different
But mostly it's the same
These mysteries of life
That just ain't my thing
If I told you that I knew about the sun and the moon
I'd be untrue
The only thing I know for sure
Is what I wanna do
Anytime, anywhere, and I say babe

I wanna make it (again and again)
I wanna make it wit chu
Anytime, anywhere
I wanna make it (again and again)
I wanna make it wit chu
I wanna make it (anytime, anywhere)
I wanna make it wit chu (yeah)
I wanna make it
I wanna make it wit chu

I wanna make it (again and again)
I wanna make it wit chu
I wanna make it (anytime, anywhere)
I wanna make it wit chu
I wanna make it (again and again)
I wanna make it wit chu
I wanna make it (again and again and again and again)"
lyrics-000823,"Kto ty jesteś, człowieku?
Kto ty jesteś, człowieku?
Zbrodniarz, czy bohater?
Ty, którego do czynu
Wychowała noc
Oto starca i dziecka
W ręku dzierżysz los
I twarz twoja zakryta
Jak Golem nad światem

Czy obrócisz w popioły
Miasto czy ojczyznę?
Stój! Zadrżyj w sercu swoim
Nie umywaj rąk
Nie oddawaj wyroku
Niespełnionym dziejom
Twoja jest waga
I twój jest miecz

Ty ponad ludzką troską
Gniewem i nadzieją
Ocalasz albo gubisz
Pospolitą rzecz

Ty jesteś dobry
I w gronie rodziny
Pieściłeś nieraz blask
Dziecinnych głów
Ale jeżeli przeklnie Ciebie
Milion rodzin, biada co pozostanie z Twoich dobrych dni
Co pozostanie z Twoich krzepkich mów.

Ciemność nadchodzi...

Gwarne miasta i pola
Kopalnie, okręty
Na twojej dłoni ludzkiej
Jakże ludzkiej
Patrz: linia twego życia
Tędy będzie szła

Trzykroć błogosławiony
Po trzykroć przeklęty
Władco dobra lub zła
Władco dobra, albo władco zła"
lyrics-000824,"I'm comin' up so you better get this party started
I'm comin' up so you better get this party started

Get this party started on a Saturday night
Everybody's waitin' for me to arrive
Sendin' out the message to all of my friends
We'll be lookin' flashy in my Mercedes Benz

I got lotsa style, got my gold diamond rings
I can go for miles if you know what I mean

I'm comin' up so you better get this party started
I'm comin' up so you better get this party started

Pumpin up the volume, breakin down' to the beat
Cruisin' through the west side
We'll be checkin' the scene

Boulevard is freakin' as I'm comin' up fast
I'll be burnin' rubber, you'll be kissin' my ass

Pull up to the bumper, get out of the car
License plate says Stunner number one Superstar
I'm comin' up so you better get this party started
I'm comin' up so you better get this party started
Get this party started

Makin' my connection as I enter the room
Everybody's chillin' as I set up the groove
Pumpin' up the volume with this brand new beat
Everybody's dancin' and their dancin' for me

I'm your operator, you can call anytime
I'll be your connection to the party line

I'm comin' up so you better get this party started
I'm comin' up so you better get this party started
I'm comin' up so you better get this party started
I'm comin' up so you better get this party started

Get this party started
Get this party started right now
Get this party started
Get this party started
Get this party started right now"
lyrics-000825,"До господи прилетіла щедрівочка
Вона звістує про добрий рік
Про достаток у домі
Про приплід у господарстві
Про хліб і багатство
Про радість для родини
Пісня бажає господарю щастя
І добробуту в новому році"
lyrics-000826,"A small winter bird comes to the house
It carries news of a generous year
The fields will be kind
The animals will multiply
The table will not be empty
The home will know warmth
The family will prosper
And the season will turn toward abundance"
lyrics-000827,"Aleksandra odchodzi razem z miłością która dotąd nadawała światu sens
Narrator ma przyjąć stratę bez oszukiwania siebie
Nie powinien udawać że wspólne chwile były snem ani przypadkiem
Ma zachować godność i pozwolić odejść temu co się skończyło
Pożegnanie dotyczy zarówno kobiety która odchodzi jak i obrazu który pozostaje w pamięci"
lyrics-000828,"Piosenka jest zaproszeniem do bliskości i kontaktu
Osoba mówiąca daje drugiej stronie pełną swobodę chwili i miejsca
Telefon staje się znakiem gotowości na spotkanie flirt i relację
Całość obraca się wokół natychmiastowej dostępności pożądania i gry między dwojgiem ludzi"
lyrics-000829,"Narrator zwraca się do tajemniczego Sugarmana jak do kogoś kto może przynieść ulgę
Szuka ucieczki od smutku samotności i rozczarowania
Obietnica poprawy miesza się z narkotycznym snem i poczuciem pustki
Piosenka łączy pragnienie ratunku z obrazem człowieka który sprzedaje chwilowe zapomnienie"
lyrics-000830,"Człowiek zwraca się do anioła stróża i pyta co stanie się z nim po śmierci
Lęka się sądu kary i czyśćca
Przyznaje że życie było obciążone winą i że nie wszystko zostało naprawione
Prosi anioła o opiekę miłosierdzie i bezpieczne przeprowadzenie przez śmierć"
lyrics-000831,"Utwór skupia się na usuwaniu lęku i odzyskiwaniu wewnętrznego spokoju
Intencją jest przejście od strachu do poczucia ochrony i stabilności
Tekst ma charakter modlitewny lub mantryczny i jest skierowany ku uspokojeniu umysłu
Ta sekcja jest roboczą parafrazą sensu a nie potwierdzonym tekstem jeden do jednego"
lyrics-000832,"Wszystko dzieje się zanim bohaterka zdąży zrozumieć co ją trafiło
Uczucie pojawia się gwałtownie i przejmuje kontrolę
Kiedy próbuje się wycofać jest już za późno
Szkoda została wyrządzona i nie da się cofnąć wydarzeń
Piosenka mówi o sile relacji która uruchamia się szybciej niż rozsądek"
lyrics-000833,"Świat staje się rytmem gdy dwoje ludzi jest razem
Bliskość cielesna i przyjemność mają niemal religijny wymiar
Jednocześnie nad wszystkim wisi poczucie że coś wielkiego zaraz się skończy
Miasto ocean i cały porządek świata mogą runąć
Wobec tej niepewności pozostaje trzymać się drugiej osoby"
lyrics-000834,"Wyspa jest niemal pusta i nieruchoma
Nikt nie czeka nikt nie pyta nikt nie wie kiedy przypłynie łódź
Morze wydmy i linie na piasku tworzą krajobraz zawieszenia
Gdzieś daleko świat jest zajęty własnym ruchem
Tutaj wszystko wstrzymuje oddech i może jeszcze potoczyć się inaczej"
lyrics-000835,"Bohater słyszy przepowiednię że wkrótce odejdzie
Nie wierzy w gwiazdy ani w wróżkę która próbuje czytać jego przyszłość
Mimo tego sam wpada w sytuację której nie potrafi kontrolować
Jest jak ktoś kto wypłynął za daleko i utknął na głębokiej wodzie
Chciał grać ale nie jest przygotowany do obrony i zostaje mu śpiewanie bluesa"
lyrics-000836,"Piosenka mówi o utracie bliskiej osoby która nie znika fizycznie lecz emocjonalnie
Człowiek zostaje z pustką dziwnymi snami i brakiem siły
Muzyka staje się próbą obudzenia uczuć i uporządkowania tego co zostało w środku
Łzy nie są końcem lecz częścią powolnego wracania do siebie
Mimo melancholii pojawia się nadzieja że rzeczy z czasem się ułożą"
lyrics-000837,"Lepiej być w drodze niż stać w miejscu
Wędrówka jest sposobem życia a nie tylko przejściem z punktu do punktu
Ruch daje wolność zmianę i kontakt ze światem
Człowiek który idzie dalej pozostaje żywy i otwarty
Pieśń wyrasta z tradycyjnego samijskiego powiedzenia o wartości bycia w drodze"
lyrics-000838,"Piosenka jest gniewnym antywojennym protestem
Autor kieruje złość przeciw rosyjskiej agresji na Ukrainę
Frustracja dotyczy także bezczynności światowych przywódców
Utwór wyrasta z depresji lęku i doświadczenia wojny
Gniew zostaje zamieniony w energię oporu i solidarności z obrońcami Ukrainy"
lyrics-000839,"Morska podróż staje się obrazem winy zagrożenia i utraty
Żywioł zabiera człowiekowi to co kochał i wystawia jego siłę na próbę
Na statku nikt nie pozostaje niewinny ani naprawdę bezpieczny
Ambicja i marzenie o fortunie prowadzą ku miejscu gdzie człowiek chce być panem własnego losu
Ostatecznie morze przypomina że nawet ten kto czuje się bogiem może zatonąć
Bohater chce przynajmniej żeby po katastrofie zostało zapamiętane jego imię"
lyrics-000840,"To pieśń miłosna w języku północnosaamskim
Głos ukochanej osoby i jej obecność zostają przedstawione jak rezonans który trwa w człowieku
Bliskość miesza się z tęsknotą i delikatnym smutkiem
Relacja jest przeżywana bardziej jako echo i odczucie niż jako prosta opowieść
Pieśń łączy joik z intymnym współczesnym językiem miłości"
lyrics-000841,"Październik jest tu obrazem łagodnej melancholii i przemijania
Muzyka buduje spokojne poczucie nostalgii bez ciężkiego smutku
Jest w niej zatrzymanie wspomnienie i kojący dystans
To bardziej nastrój zawieszenia i zadumy niż zamknięta opowieść
Ta sekcja jest roboczą parafrazą nastroju utworu a nie potwierdzonym tekstem jeden do jednego"
lyrics-000842,"Utwór buduje obraz wojny jako siły większej od pojedynczego człowieka
Tytułowy bóg wojny może być figurą przemocy gniewu i bezwzględności
Krótka forma działa jak wejście w świat albumu OGAN
Sens roboczy to konfrontacja z przemocą walką i energią konfliktu"
lyrics-000843,"To pieśń która płonie
Ogień jest tu obrazem emocji gniewu napięcia i siły słowa
Muzyka działa jak coś co nie chce zostać spokojne ani obojętne
Sens roboczy to głos który trwa właśnie dlatego że nadal się pali"
lyrics-000844,"Arjuna prosi Krysznę żeby pokazał mu swoją najwyższą boską postać
Kryszna daje mu szczególny wzrok ponieważ zwykłe oczy nie mogą zobaczyć tego widoku

Arjuna widzi nieskończoną formę obejmującą całe istnienie
Widzi niezliczone twarze oczy ramiona postacie bogów i wszystkie stworzenia
Blask tej formy jest porównywany do światła wielu słońc pojawiających się jednocześnie

Cały wszechświat znajduje się w jednym ciele
Nie ma wyraźnego początku środka ani końca
Forma jest piękna potężna i jednocześnie przerażająca

Arjuna widzi wojowników wchodzących w płonące usta kosmicznej postaci
Ludzie pędzą ku zniszczeniu jak rzeki płynące do morza albo owady lecące w ogień
Kryszna objawia się jako czas który pochłania światy i prowadzi istoty ku końcowi

Arjuna rozumie że wynik wielkiej bitwy nie zależy wyłącznie od niego
Ma działać jako uczestnik wydarzeń które już zostały wprawione w ruch

Przerażony Arjuna oddaje cześć Krysznie
Prosi o wybaczenie za wszystkie chwile kiedy traktował go tylko jak przyjaciela i zwracał się do niego zbyt swobodnie
Uzmysławia sobie ogrom różnicy między codzienną ludzką relacją a boską naturą Kryszny

Na końcu Arjuna prosi żeby przerażająca kosmiczna forma zniknęła
Chce znowu zobaczyć znajomą łagodniejszą postać Kryszny
Kryszna wraca do spokojnej formy i uspokaja Arjunę

Rozdział pokazuje jednocześnie zachwyt lęk potęgę przemijanie śmierć obowiązek i granice ludzkiego widzenia"
lyrics-000845,"Utwór ma formę duchowego błogosławieństwa i medytacyjnego zwrócenia się do Matki Maryi
Maryja jest przedstawiona jako obecność ochronna kojąca i pełna światła
Światło słoneczne symbolizuje uzdrowienie ciepło łaskę i poczucie bezpieczeństwa
Słuchacz jest zapraszany do przyjęcia opieki spokoju i duchowego wsparcia"
lyrics-000846,"Pieśń jest podziękowaniem za życie ziemię ludzi i doświadczenie bycia częścią większej całości
Wdzięczność łączy to co ziemskie z tym co duchowe
Niebo i ziemia przestają być przeciwieństwami i stają się jednym porządkiem
Sens utworu skupia się na obecności harmonii i świadomym przyjmowaniu dobra"
lyrics-000847,"Noc tworzy przestrzeń dla pragnienia pamięci i bliskości
Osoba mówiąca prosi żeby została zatrzymana zanim uczucie lub wspomnienie zniknie
Zaklęcie ma charakter intymny i rytualny
Ogień symbolizuje pożądanie życie i próbę ocalenia tego co przemija"
lyrics-000848,"Utwór jest rytuałem skierowanym ku obfitości i uwolnieniu od tego co ją blokuje
Pojawiają się zazdrość klątwy złorzeczenia ciężary rodowe i własne przewinienia
Głos przodków ziołowy dym i moc duszy tworzą język oczyszczenia
Intencją jest odcięcie szkodliwych wpływów odzyskanie sprawczości i otwarcie miejsca na dobrobyt"
lyrics-000849,"Utwór obraca się wokół tego co dzieje się wewnątrz głowy i czego nie widać z zewnątrz
Relacja z drugą osobą miesza się z próbą odgadnięcia jej myśli
Pojawia się napięcie między rzeczywistością a własnymi wyobrażeniami
Sens roboczy to emocjonalne utknięcie w cudzych i własnych myślach"
lyrics-000850,"Bohaterowie patrzą na dawne życie jak na film który kiedyś wydawał się możliwy do cofnięcia
Wspomnienia lata miasta przyjaciół i swobody pozostają w głowie ale świat już jest inny
To co kiedyś było darmowe i naturalne stało się niedostępne
Piosenka pyta jak ludzie znikają z własnych dawnych wersji życia i z życia innych osób"
lyrics-000851,"Dwoje ludzi nadal przyciąga się do siebie i wraca do wspólnej obecności
Jednocześnie oboje wiedzą że nie mogą wrócić do miejsca w którym ich relacja była wcześniej
Uczucia pozostają ale przeszłość nie daje się odtworzyć
Gdziekolwiek pójdą muszą zaakceptować że dalsza droga nie jest powrotem"
lyrics-000852,"Atlas staje się mapą relacji zbudowaną z płonących wysp gór i porwanych stron
Bohater pamięta czas kiedy był blisko i mógł jeszcze coś ocalić
Świat wspomnienia jest kruchy piękny i jednocześnie pełen ognia
Mimo rozpadu narrator wciąż chce wracać do wybrzeży drugiej osoby"
lyrics-000853,"To pożegnanie skierowane do bliskiej osoby nazywanej bratem
Narrator widzi że druga osoba wciąż ucieka i nie potrafi zostać
Jednocześnie nadal ma dla niej otwarte serce
Granica jest jednak wyraźna jeśli odejdziesz nie wracaj
Piosenka łączy przywiązanie z decyzją o zakończeniu relacji która stale wymyka się z rąk"
lyrics-000854,"Tytułowy lot w dół działa jak obraz nagłej utraty kontroli
Bohater wpada w stan w którym wszystko przyspiesza w niewłaściwą stronę
Zamiast spokojnego upadku jest gwałtowne nurkowanie emocjonalne
Sens roboczy dotyczy kryzysu rozpadu i trudności z zatrzymaniem tego ruchu"
lyrics-000855,"Utwór gra pytaniem czy żyć jak beatnik poza zwykłym porządkiem czy wejść w bardziej konwencjonalne życie
Ważna jest wolność drogi twórczości i własnego stylu istnienia
Jednocześnie taki wybór ma cenę w postaci niepewności samotności i życia bez stabilnej mapy
Sens roboczy to napięcie między niezależnością a potrzebą zakorzenienia"
lyrics-000856,"Narrator wie że musi iść dalej
Potrzebuje siły żeby ruszyć z miejsca i utrzymać się przy życiu
Skrzydła życia są symbolem energii która pozwala przetrwać i wykonać następny ruch
Cały utwór skupia się na prostym uporczywym pragnieniu dalszego istnienia i zmiany"
lyrics-000857,"Osoba mówiąca pozostaje w kontakcie z cieniem lub wspomnieniem utraconej osoby
Rozstanie rozdziera jej poczucie własnej tożsamości
Nie wie już kim ma być ani co zrobić z pustką
Druga osoba staje się czymś podstawowym jak powietrze potrzebne do oddychania
Piosenka łączy żałobę miłosną dezorientację i silną zależność emocjonalną"
lyrics-000858,"Bohater wspomina krótką namiętną relację a potem wraca do tłumu zabawy i alkoholu
Próbuje przekonać siebie że nic ważnego się nie wydarzyło
Spotyka kolejne osoby ale wcześniejsza relacja nadal wraca w myślach
Gdy widzi dawną partnerkę z innym mężczyzną emocje znowu się uruchamiają
Powtarzane zapewnienie że nic się nie stało brzmi coraz bardziej jak obrona przed tym że jednak się stało"
lyrics-000859,"Pytanie kim jesteś jest osią utworu
Narrator próbuje rozpoznać osobę która jest blisko ale pozostaje częściowo nieuchwytna
Równocześnie pytanie wraca do niego samego i własnej tożsamości
Sens roboczy to próba zrozumienia relacji poprzez pytanie kim naprawdę są obie strony"
lyrics-000860,"Narrator mówi o własnej męskości bez potrzeby podporządkowania się stereotypowi
Nie chce wojny pokazowego samochodu ani wyścigu o status
Chce być po prostu dobrym człowiekiem który potrafi czuć
Pozwala sobie marzyć i żyć według własnej definicji bycia mężczyzną
Męskość zostaje oddzielona od agresji dominacji i obowiązku imponowania"
lyrics-000861,"Baśnie są tu punktem odniesienia dla oczekiwań wobec życia i relacji
Dorosła rzeczywistość nie układa się tak czysto jak opowieści z prostym zakończeniem
Marzenia i wyobrażenia zderzają się z niepewnością codzienności
Sens roboczy to próba zachowania nadziei bez udawania że życie działa jak bajka"
lyrics-000862,"Tytułowe kto wie otwiera przestrzeń niepewności zamiast jednoznacznej odpowiedzi
Utwór obraca się wokół pytań których nie da się zamknąć prostym rozwiązaniem
Ważniejsze od pewności staje się pozostawanie w ruchu pomiędzy możliwością wspomnieniem i oczekiwaniem
Sens roboczy to spokojna zgoda na to że przyszłość i uczucia nie są do końca przewidywalne"
lyrics-000863,"Utwór odwołuje się do przedwojennej japońskiej piosenki o kobiecej przyjaźni
Osią sensu jest więź między kobietami lojalność bliskość i emocjonalna pamięć
Wersja współczesna traktuje stary materiał jak fragment dawnego świata przeniesiony do nowego kontekstu
Ta sekcja jest roboczą parafrazą sensu a nie potwierdzonym tekstem jeden do jednego"
lyrics-000864,"Kamienne łóżko jest obrazem życia twardego niewygodnego i pozbawionego łatwego schronienia
Bohater mierzy się z losem który nie daje miękkiego miejsca do odpoczynku
Mimo ciężaru utwór niesie energię podnoszenia się i dalszego ruchu
Sens roboczy łączy trud materialny z dumą wytrzymałością i potrzebą zachowania siły"
lyrics-000865,"Między dwiema osobami trwa rozmowa która nie potrzebuje wielu słów
Cisza sama zaczyna przenosić napięcie bliskość i rzeczy których nikt nie potrafi powiedzieć wprost
Relacja jest zawieszona między kontaktem a wycofaniem
Sens roboczy to komunikacja przez obecność niedopowiedzenie i emocjonalne milczenie"
lyrics-000866,"Narrator pozostawał zimny jak lód i patrzył na własne odbicie jak na ślepą uliczkę
Wielokrotnie gubił siebie i zastanawia się ile czasu potrzebował żeby stopnieć
Pyta ile ognia musiało się pojawić żeby przełamać jego chłód
Piosenka opisuje emocjonalne zamrożenie utratę kontaktu ze sobą i powolne odzyskiwanie zdolności czucia"
lyrics-000867,"Nie da się uciec przed tym co człowiek niesie za sobą
Diabeł działa tu jak obraz winy strachu pokusy albo konsekwencji dawnych wyborów
Ucieczka tylko przesuwa moment konfrontacji
Sens roboczy to konieczność spotkania się z własnym cieniem zamiast dalszego biegu"
lyrics-000868,"Życie Urugwajczyków zostaje porównane do rzek przepływających przez góry i wydmy
Opowieść prowadzi przez geografię kraju ujścia rzek wzgórza mokradła ptaki i krajobraz
Miejsca powtarzają swoje nazwy ale każde ma własny charakter
Całość jest pochwałą intensywności światła energii i szczególnego sposobu życia zakorzenionego w pejzażu Urugwaju"
lyrics-000869,"Bohaterka tkwi w bardzo ciemnym nastroju i miele w głowie własne problemy
Smutek staje się niemal fizycznym otoczeniem z którego trudno się wydostać
Muzyka przeciwstawia ciężki stan psychiczny energii soulu i rytmu
Sens roboczy to zderzenie depresyjnej czerni z potrzebą ruchu ekspresji i wyrwania się z niej"
lyrics-000870,"Utwór jest zanurzony w obrazie wiosny która budzi się po zimie
Świat jest pełen nektaru zapachu ruchu i świeżej energii
Pojawia się lekkość niemal odurzenie naturą jak u owada krążącego nad kwitnącą łąką
Sens piosenki to radość odradzania się ciała świata i przyjemności życia"
lyrics-000871,"Stacja jest miejscem przejścia oczekiwania i ruszania ku temu czego jeszcze nie znamy
Piosenka niesie niepokój współczesności i poczucie że świat znalazł się między dawnym porządkiem a czymś nowym
Dwa głosy spotykają się w napięciu między lękiem a ciekawością
Sens utworu dotyczy ludzkiej potrzeby dalszego odkrywania nawet wtedy gdy przyszłość budzi niepokój"
lyrics-000872,"Głośność jest obrazem emocji których nie da się już trzymać pod powierzchnią
To co było ciche zaczyna domagać się miejsca i uwagi
Bohater chce zostać usłyszany zamiast dalej zmniejszać własną obecność
Sens roboczy to wyjście z tłumienia ku ekspresji sile głosu i zajmowaniu przestrzeni"
lyrics-000873,"Narrator marzy o piosence która nie byłaby już związana z dawną osobą
Chciałby żeby była jasna mocna samodzielna i wolna od wspomnień
Mimo prób odcięcia się przeszłość wraca a razem z nią emocjonalny bagaż
Utwór mówi o niemożności napisania czegoś całkowicie poza relacją która nadal tkwi w pamięci
Z czasem pozostaje zaakceptować że to co mogło się wydarzyć po prostu stało się tym czym się stało"
lyrics-000874,"To utwór zbudowany wokół obrazu lata jako czasu swobody lekkości i wspólnego życia
Tytuł sugeruje sezon który ma być zapamiętany jako wyjątkowy i intensywny
Obecność Jacka Parowa dodaje wakacyjnej imprezowej energii i poczucia ruchu
Sens roboczy to celebracja chwili ludzi bliskości i lata które może stać się latem całego życia"
lyrics-000875,"Piosenka dotyczy sytuacji w której druga osoba błędnie odczytuje emocje intencje i zachowanie narratora
Zewnętrzny obraz nie odpowiada temu co naprawdę dzieje się w środku
Relacja cierpi przez nieporozumienia nadinterpretacje i brak prawidłowego odczytania drugiej osoby
Sens utworu skupia się na potrzebie bycia zobaczonym takim jakim się naprawdę jest a nie poprzez cudze założenia"
lyrics-000876,"Płonący dom jest obrazem konfliktu który nigdy nie pozostaje naprawdę daleko
To co dzieje się u sąsiada może za chwilę dotknąć także nas

Utwór zestawia wojnę politykę walkę o władzę i manipulowanie prawdą z konfliktami prywatnymi
Granica między wielką historią a codziennym życiem okazuje się cienka

Strach bomby mury cierpienie i społeczny chaos tworzą tło dla pytania dlaczego ludzie wciąż powtarzają te same mechanizmy
Walka o dominację niszczy zarówno wspólnoty jak i bliskie relacje

Dom sąsiedni jest więc jednocześnie prawdziwym miejscem i metaforą drugiego człowieka
Jeśli ignorujemy cudzy pożar możemy odkryć że ogień dotarł już także do naszego domu

Ta parafraza uzupełnia istniejący częściowy tekst
Nie zastępuje go"
lyrics-000877,"yajjāgrato dūramudaiti daivaṃ tadu suptasya tathaivaiti
dūraṅgamaṃ jyotiṣāṃ jyotirekaṃ tanme manaḥ śivasaṅkalpamastu

yena karmāṇyapaso manīṣiṇo yajñe kṛṇvanti vidatheṣu dhīrāḥ
yadapūrvaṃ yakṣamantaḥ prajānāṃ tanme manaḥ śivasaṅkalpamastu

yatprajñānamuta ceto dhṛtiśca yajjyotirantaramṛtaṃ prajāsu
yasmānnaṛte kiṃ cana karma kriyate tanme manaḥ śivasaṅkalpamastu

yenedaṃ bhūtaṃ bhuvanaṃ bhaviṣyatparigṛhītamamṛtena sarvam
yena yajñastāyate saptahotā tanme manaḥ śivasaṅkalpamastu

yasminnṛcaḥ sāma yajūṃṣi yasmin pratiṣṭhitā rathanābhāvivārāḥ
yasmiṃścittaṃ sarvamotaṃ prajānāṃ tanme manaḥ śivasaṅkalpamastu

suṣārathiraśvāniva yanmanuṣyānnenīyatebhīśubhirvājina iva
hṛtpratiṣṭhaṃ yadajiraṃ javiṣṭhaṃ tanme manaḥ śivasaṅkalpamastu

oṃ śāntiḥ śāntiḥ śāntiḥ"
lyrics-000878,"oṃ jātavedase sunavāma soma marātīyato nidahāti vedaḥ
sa naḥ parṣadati durgāṇi viśvā nāveva sindhuṃ duritātyagniḥ

tāmagnivarṇāṃ tapasā jvalantīṃ vairocanīṃ karmaphaleṣu juṣṭām
durgāṃ devīṃ śaraṇam ahaṃ prapadye sutarasi tarase namaḥ

agne tvaṃ pārayā navyo asmān svastibhirati durgāṇi viśvā
pūśca pṛthvī bahulā na urvī bhavā tokāya tanayāya śaṃyoḥ

viśvāni no durgahā jātavedaḥ sindhunna nāvā duritātiparṣi
agne atrivan manasā gṛṇāno asmākaṃ bodhyavitā tanūnām

pṛtanā jitaṃ sahamānamugram agniṃ huvema paramāt sadhasthāt
sa naḥ parṣadati durgāṇi viśvā kṣāmad devo ati duritātyagniḥ

pratnoṣi kamīḍyo adhvareṣu sanācca hotā navyaśca satsi
svāñcāgne tanuvaṃ piprayasvāsmabhyaṃ ca saubhagam āyajasva

gobhir juṣṭamayujo niṣiktaṃ tavendra viṣṇor anusaṃcarema
nākasya pṛṣṭham abhi saṃvasāno vaiṣṇavīṃ loka iha mādayantām

oṃ kātyāyanāya vidmahe kanyakumāri dhīmahi
tanno durgiḥ pracodayāt

oṃ śāntiḥ śāntiḥ śāntiḥ"
lyrics-000879,"oṃ namo bhagavatyai āryaprajñāpāramitāyai

āryāvalokiteśvaro bodhisattvo gambhīrāṃ prajñāpāramitācaryāṃ caramāṇo vyavalokayati sma
pañcaskandhās tāṃś ca svabhāvaśūnyān paśyati sma

iha śāriputra rūpaṃ śūnyatā śūnyataiva rūpam
rūpān na pṛthak śūnyatā śūnyatāyā na pṛthag rūpam
yad rūpaṃ sā śūnyatā yā śūnyatā tad rūpam
evam eva vedanā saṃjñā saṃskāra vijñānāni

iha śāriputra sarvadharmāḥ śūnyatālakṣaṇāḥ
anutpannā aniruddhā amalā na vimalā anūnā na paripūrṇāḥ

tasmāc chāriputra śūnyatāyāṃ na rūpaṃ na vedanā na saṃjñā na saṃskārā na vijñānam
na cakṣuḥ śrotra ghrāṇa jihvā kāya manāṃsi
na rūpa śabda gandha rasa spraṣṭavya dharmāḥ
na cakṣur dhātur yāvan na manovijñānadhātuḥ
na avidyā na avidyākṣayo yāvan na jarāmaraṇaṃ na jarāmaraṇakṣayo
na duḥkha samudaya nirodha mārgāḥ
na jñānaṃ na prāptir na aprāptiḥ

tasmāc chāriputra aprāptitvād bodhisattvo prajñāpāramitām āśritya viharati acittāvaraṇaḥ
cittāvaraṇanāstitvād atrasto viparyāsātikrānto niṣṭhānirvāṇaḥ
tryadhvavyavasthitāḥ sarvabuddhāḥ prajñāpāramitām āśrityānuttarāṃ samyaksambodhim abhisambuddhāḥ

tasmāj jñātavyaṃ prajñāpāramitā mahāmantro mahāvidyāmantro nuttaramantro samasamamantraḥ
sarvaduḥkhapraśamanaḥ satyam amithyatvāt
prajñāpāramitāyām ukto mantraḥ tadyathā

gate gate pāragate pārasaṃgate bodhi svāhā"
lyrics-000880,"U prząśniczki siedzą jak anioł dzieweczki
Przędą sobie przędą jedwabne niteczki
Kręć się kręć wrzeciono
Wić się tobie wić
Ta pamięta lepiej
Czyja dłuższa nić

Poszedł do Krakowa Królewca młodzieniec z wiciną
Łzami się zalewał żegnając z dziewczyną dziewczyną
Kręć się kręć wrzeciono
Wić się tobie wić
Ta pamięta lepiej
Czyja dłuższa nić

Gładko idzie przędza wesoło dziewczynie
Pamiętała trzy dni o wiernym chłopczynie
Kręć się kręć wrzeciono
Wić się tobie wić
Ta pamięta lepiej
Czyja dłuższa nić

Inny się młodzieniec podsuwa z ubocza
I innemu rada dziewczyna ochocza
Kręć się kręć wrzeciono
Prysła wątła nić
Wstydem dziewczę płonie
Wstydź się dziewczę wstydź"
lyrics-000881,"Czy widziałeś już tą smugę bracie
I poznałeś co to martwa fala
Czy widziałeś już jak wściekły żywioł niczym diabeł bierze twoją miłość
I zabiera ją ze sobą
I zabiera ją ze sobą
I zabiera ją ze sobą
Nawet jeśli byłeś silny
Nawet jeśli byłeś inny
Na tej łajbie każdy silny
Na tej łajbie każdy inny
Na tej łajbie każdy winny

Czy widziałeś błysk sumienia i ujrzałeś w brzasku nocy szpetność cienia
I czy znasz skrzypienie sznura gdy zmoczony w morskiej pianie lekko dynda
Dynda już nad twoją szyją
Dynda już na twoją szyją
Dynda już na twoją szyją
Choć marzyłeś o fortunie
I splunąłeś jak zły szeląg
Popłynąłeś ku tym ziemiom
Ty sam możesz stać się bogiem
Nic drugiego tak smutnego
Jak bóg który właśnie tonie

Czy widziałeś już tę smugę bracie
Czy pamiętasz bajki o marlinie
Jeśli statek mój się w otchłań stoczy
Zapamiętaj sobie moje imię"
lyrics-000882,"Jeden dzień, jedna noc a w życiu jakby piękniej
Byłem z nią parę chwil, było tak namiętnie
A teraz jestem tu, ludzi tłum a myśli takie dziwne
Nie wiem czy sam tego chcę lecz nikt tu nie jest winny
Myślę, że nie stało się nic
Myślę, że nie stało się nic
Już jakiś czas nie ma jej
Tańczę, wódkę piję
Może dziś to będziesz Ty
Przecież mama Cię nie zbije
Jesteśmy tu, ludzi tłum a myśli dookoła
Nie wiem czy sam tego chcę
Chyba jedź do domu
Myślę, że nie stało się nic
Myślę, że nie stało się nic
Później gdzieś widziałem ją
Znowu była z innym
Krzyczał coś, szarpał ją
Uciekła do windy
A teraz jestem tu, ludzi tłum i znowu myśli dziwne
Może bym mógł zostać z nią
I nikt tu nie jest winny
Myślę, że nie stało się nic
Myślę, że nie stało się nic…"
