dokument_kod	dokument_plik	poziom	sekcja_tytul	anchor
AU02	CLAUDE_co-dziala-po-poznej-diagnozie-02_01-2026-08-26.html	H1	Co działa po późnej diagnozie	co-dziala-po-poznej-diagnozie
AU02	CLAUDE_co-dziala-po-poznej-diagnozie-02_01-2026-08-26.html	H2	Mapa terenu — pięć rzeczy, które rozstrzygają	mapa-terenu-piec-rzeczy-ktore-rozstrzygaja
AU02	CLAUDE_co-dziala-po-poznej-diagnozie-02_01-2026-08-26.html	H2	Kurs o sobie	kurs-o-sobie
AU02	CLAUDE_co-dziala-po-poznej-diagnozie-02_01-2026-08-26.html	H2	Prowadzący z tego samego plemienia	prowadzacy-z-tego-samego-plemienia
AU02	CLAUDE_co-dziala-po-poznej-diagnozie-02_01-2026-08-26.html	H2	Ludzie w tej samej łodzi	ludzie-w-tej-samej-lodzi
AU02	CLAUDE_co-dziala-po-poznej-diagnozie-02_01-2026-08-26.html	H2	Człowiek zamiast listy numerów	czlowiek-zamiast-listy-numerow
AU02	CLAUDE_co-dziala-po-poznej-diagnozie-02_01-2026-08-26.html	H2	Pakiet na start	pakiet-na-start
AU02	CLAUDE_co-dziala-po-poznej-diagnozie-02_01-2026-08-26.html	H2	Czego się domagać — lista 24 głosów	czego-sie-domagac-lista-24-glosow
AU02	CLAUDE_co-dziala-po-poznej-diagnozie-02_01-2026-08-26.html	H2	Czego się spodziewać po sobie	czego-sie-spodziewac-po-sobie
