dokument_kod	plik_zamrozony	plik_anchory	kolejnosc	poziom	sekcja_tytul	anchor
A1	a1_POCZATEK_ZAMROZONE_kolumbryna-v3_5-2026-03-31.html	a1_POCZATEK_ZAMROZONE_kolumbryna-v3_5-2026-03-31-anchory.html	1	H1	Kolumbryna 🐙	kolumbryna
A1	a1_POCZATEK_ZAMROZONE_kolumbryna-v3_5-2026-03-31.html	a1_POCZATEK_ZAMROZONE_kolumbryna-v3_5-2026-03-31-anchory.html	2	H2	Rozdział 1. Front i spirala OPL — trójkąt spalania	front-spirala-opl
A1	a1_POCZATEK_ZAMROZONE_kolumbryna-v3_5-2026-03-31.html	a1_POCZATEK_ZAMROZONE_kolumbryna-v3_5-2026-03-31-anchory.html	3	H2	Rozdział 2. Arsenał nuklearny — odstraszanie na papierze	arsenal-nuklearny
A1	a1_POCZATEK_ZAMROZONE_kolumbryna-v3_5-2026-03-31.html	a1_POCZATEK_ZAMROZONE_kolumbryna-v3_5-2026-03-31-anchory.html	4	H2	Rozdział 3. Budżet, NWF i paradoks Hormuz	budzet-nwf-hormuz
A1	a1_POCZATEK_ZAMROZONE_kolumbryna-v3_5-2026-03-31.html	a1_POCZATEK_ZAMROZONE_kolumbryna-v3_5-2026-03-31-anchory.html	5	H2	Rozdział 4. Eksport, dewizy i majątek — co jeszcze działa	eksport-dewizy-majatek
A1	a1_POCZATEK_ZAMROZONE_kolumbryna-v3_5-2026-03-31.html	a1_POCZATEK_ZAMROZONE_kolumbryna-v3_5-2026-03-31-anchory.html	6	H2	Rozdział 5. Infrastruktura się sypie — kolej, rury, samoloty	infrastruktura-kolej-rury-samoloty
A1	a1_POCZATEK_ZAMROZONE_kolumbryna-v3_5-2026-03-31.html	a1_POCZATEK_ZAMROZONE_kolumbryna-v3_5-2026-03-31-anchory.html	7	H2	Rozdział 6. Społeczeństwo na krawędzi — brain drain, pensje, policja	spoleczenstwo-na-krawedzi
A1	a1_POCZATEK_ZAMROZONE_kolumbryna-v3_5-2026-03-31.html	a1_POCZATEK_ZAMROZONE_kolumbryna-v3_5-2026-03-31-anchory.html	8	H2	Rozdział 7. Bestiariusz — 24 szare nosorożce i ich sprzężenia	bestiariusz-szare-nosorozce
A1	a1_POCZATEK_ZAMROZONE_kolumbryna-v3_5-2026-03-31.html	a1_POCZATEK_ZAMROZONE_kolumbryna-v3_5-2026-03-31-anchory.html	9	H2	Rozdział 8. Patologia informacyjna i dlaczego nie Korea Północna	patologia-informacyjna
A1	a1_POCZATEK_ZAMROZONE_kolumbryna-v3_5-2026-03-31.html	a1_POCZATEK_ZAMROZONE_kolumbryna-v3_5-2026-03-31-anchory.html	10	H2	Rozdział 9. Chemia pożarów, uzależnienie i sezonowość	chemia-pozarow-uzaleznienie-sezonowosc
A1	a1_POCZATEK_ZAMROZONE_kolumbryna-v3_5-2026-03-31.html	a1_POCZATEK_ZAMROZONE_kolumbryna-v3_5-2026-03-31-anchory.html	11	H2	Rozdział 10. Jest już za późno — konkluzja Części I	za-pozno-konkluzja-czesci-i
A1	a1_POCZATEK_ZAMROZONE_kolumbryna-v3_5-2026-03-31.html	a1_POCZATEK_ZAMROZONE_kolumbryna-v3_5-2026-03-31-anchory.html	12	H2	Rozdział 11. Dlaczego to nie jest pytanie o pieniądze	nie-pytanie-o-pieniadze
A1	a1_POCZATEK_ZAMROZONE_kolumbryna-v3_5-2026-03-31.html	a1_POCZATEK_ZAMROZONE_kolumbryna-v3_5-2026-03-31-anchory.html	13	H2	Rozdział 12. Zasoby, skreślenia i dziewięć scenariuszy desperacji	zasoby-skreslenia-scenariusze-desperacji
A1	a1_POCZATEK_ZAMROZONE_kolumbryna-v3_5-2026-03-31.html	a1_POCZATEK_ZAMROZONE_kolumbryna-v3_5-2026-03-31-anchory.html	14	H2	Rozdział 13. Kiedy elity odłączą się od Putina?	elity-odlaczaja-sie-od-putina
A1	a1_POCZATEK_ZAMROZONE_kolumbryna-v3_5-2026-03-31.html	a1_POCZATEK_ZAMROZONE_kolumbryna-v3_5-2026-03-31-anchory.html	15	H2	Rozdział 14. Rozpad irańskiej państwowości i koncepcja operacyjna	rozpad-iranu-koncepcja-operacyjna
A1	a1_POCZATEK_ZAMROZONE_kolumbryna-v3_5-2026-03-31.html	a1_POCZATEK_ZAMROZONE_kolumbryna-v3_5-2026-03-31-anchory.html	16	H2	Rozdział 15. Mapa aktorów i ryzyka krytyczne	mapa-aktorow-ryzyka-krytyczne
A1	a1_POCZATEK_ZAMROZONE_kolumbryna-v3_5-2026-03-31.html	a1_POCZATEK_ZAMROZONE_kolumbryna-v3_5-2026-03-31-anchory.html	17	H2	Rozdział 16. Hanza 2.0 — porządek bez architekta	hanza-2-0
A1	a1_POCZATEK_ZAMROZONE_kolumbryna-v3_5-2026-03-31.html	a1_POCZATEK_ZAMROZONE_kolumbryna-v3_5-2026-03-31-anchory.html	18	H2	Rozdział 17. Od Ormuzu do panelu — struktura, szok i substytucja	od-ormuzu-do-panelu
A1	a1_POCZATEK_ZAMROZONE_kolumbryna-v3_5-2026-03-31.html	a1_POCZATEK_ZAMROZONE_kolumbryna-v3_5-2026-03-31-anchory.html	19	H2	Rozdział 18. Monopole i topologia władzy	monopole-topologia-wladzy
A1	a1_POCZATEK_ZAMROZONE_kolumbryna-v3_5-2026-03-31.html	a1_POCZATEK_ZAMROZONE_kolumbryna-v3_5-2026-03-31-anchory.html	20	H2	Rozdział 19. Disinfolklore i Dark Legitimacy — trucizna i ciemna strona	disinfolklore-dark-legitimacy
A1	a1_POCZATEK_ZAMROZONE_kolumbryna-v3_5-2026-03-31.html	a1_POCZATEK_ZAMROZONE_kolumbryna-v3_5-2026-03-31-anchory.html	21	H2	Rozdział 20. Źródła, etyka i granice poznania	zrodla-etyka-granice-poznania
A1	a1_POCZATEK_ZAMROZONE_kolumbryna-v3_5-2026-03-31.html	a1_POCZATEK_ZAMROZONE_kolumbryna-v3_5-2026-03-31-anchory.html	22	H2	Rozdział 21. Steelmanning systemu — Chiny, inercja, zmęczenie Zachodu	steelmanning-systemu
A1	a1_POCZATEK_ZAMROZONE_kolumbryna-v3_5-2026-03-31.html	a1_POCZATEK_ZAMROZONE_kolumbryna-v3_5-2026-03-31-anchory.html	23	H2	Rozdział 22. Disinfolklore pod lupą — SWOT i przesłuchanie sądowe	disinfolklore-swot-przesluchanie
A1	a1_POCZATEK_ZAMROZONE_kolumbryna-v3_5-2026-03-31.html	a1_POCZATEK_ZAMROZONE_kolumbryna-v3_5-2026-03-31-anchory.html	24	H2	Rozdział 23. Zrewidowana konkluzja — mapa, nie GPS	zrewidowana-konkluzja
A5	a5_ZAMROZONE-audyt-2rewizje-v03_00-2026-06-23.html	a5_ZAMROZONE-audyt-2rewizje-v03_00-2026-06-23-anchory.html	1	H1	Kolumbryna kontra rzeczywistość — dwie rewizje	kolumbryna-kontra-rzeczywistosc
A5	a5_ZAMROZONE-audyt-2rewizje-v03_00-2026-06-23.html	a5_ZAMROZONE-audyt-2rewizje-v03_00-2026-06-23-anchory.html	2	H2	Jak czytać	jak-czytac
A5	a5_ZAMROZONE-audyt-2rewizje-v03_00-2026-06-23.html	a5_ZAMROZONE-audyt-2rewizje-v03_00-2026-06-23-anchory.html	3	H2	Licznik rewizji	licznik-rewizji
A5	a5_ZAMROZONE-audyt-2rewizje-v03_00-2026-06-23.html	a5_ZAMROZONE-audyt-2rewizje-v03_00-2026-06-23-anchory.html	4	H2	24 nosorożce — stan na 31.05	nosorozce-stan-31-05
D1	d1-zamrozone-narzedzie-dark-legitimacy-horbyk-v01_00-2026-03-25.html	d1-zamrozone-narzedzie-dark-legitimacy-horbyk-v01_00-2026-03-25-anchory.html	1	H1	Dark legitimacy: What Russia and Ukraine reveal about authoritarianism	dark-legitimacy-authoritarianism
D1	d1-zamrozone-narzedzie-dark-legitimacy-horbyk-v01_00-2026-03-25.html	d1-zamrozone-narzedzie-dark-legitimacy-horbyk-v01_00-2026-03-25-anchory.html	2	H2	Abstract	abstract
D1	d1-zamrozone-narzedzie-dark-legitimacy-horbyk-v01_00-2026-03-25.html	d1-zamrozone-narzedzie-dark-legitimacy-horbyk-v01_00-2026-03-25-anchory.html	3	H2	An affirmative concept of legitimacy	affirmative-concept-legitimacy
D1	d1-zamrozone-narzedzie-dark-legitimacy-horbyk-v01_00-2026-03-25.html	d1-zamrozone-narzedzie-dark-legitimacy-horbyk-v01_00-2026-03-25-anchory.html	4	H2	Governmentality: Affirmative legitimacy beyond democracy	governmentality-affirmative-legitimacy
D1	d1-zamrozone-narzedzie-dark-legitimacy-horbyk-v01_00-2026-03-25.html	d1-zamrozone-narzedzie-dark-legitimacy-horbyk-v01_00-2026-03-25-anchory.html	5	H2	Legitimacy crisis in the Soviet and post-Soviet context	legitimacy-crisis-soviet-post-soviet
D1	d1-zamrozone-narzedzie-dark-legitimacy-horbyk-v01_00-2026-03-25.html	d1-zamrozone-narzedzie-dark-legitimacy-horbyk-v01_00-2026-03-25-anchory.html	6	H2	Dark legitimacy: Bad is good	dark-legitimacy-bad-is-good
D1	d1-zamrozone-narzedzie-dark-legitimacy-horbyk-v01_00-2026-03-25.html	d1-zamrozone-narzedzie-dark-legitimacy-horbyk-v01_00-2026-03-25-anchory.html	7	H2	Russia-Ukraine: The war over legitimacy	russia-ukraine-war-over-legitimacy
D1	d1-zamrozone-narzedzie-dark-legitimacy-horbyk-v01_00-2026-03-25.html	d1-zamrozone-narzedzie-dark-legitimacy-horbyk-v01_00-2026-03-25-anchory.html	8	H2	Consequences of dark legitimacy	consequences-dark-legitimacy
D1	d1-zamrozone-narzedzie-dark-legitimacy-horbyk-v01_00-2026-03-25.html	d1-zamrozone-narzedzie-dark-legitimacy-horbyk-v01_00-2026-03-25-anchory.html	9	H2	Acknowledgments	acknowledgments
D1	d1-zamrozone-narzedzie-dark-legitimacy-horbyk-v01_00-2026-03-25.html	d1-zamrozone-narzedzie-dark-legitimacy-horbyk-v01_00-2026-03-25-anchory.html	10	H2	References	references
D2	d2-zamrozone-narzedzie-disinfolklore-kompilacja-v01_00-2026-03-25.html	d2-zamrozone-narzedzie-disinfolklore-kompilacja-v01_00-2026-03-25-anchory.html	1	H1	DISINFOLKLORE	disinfolklore
D2	d2-zamrozone-narzedzie-disinfolklore-kompilacja-v01_00-2026-03-25.html	d2-zamrozone-narzedzie-disinfolklore-kompilacja-v01_00-2026-03-25-anchory.html	2	H2	Spis treści	spis-tresci
D2	d2-zamrozone-narzedzie-disinfolklore-kompilacja-v01_00-2026-03-25.html	d2-zamrozone-narzedzie-disinfolklore-kompilacja-v01_00-2026-03-25-anchory.html	3	H2	IGeneza: most, trolle i folklor	geneza-most-trolle-folklor
D2	d2-zamrozone-narzedzie-disinfolklore-kompilacja-v01_00-2026-03-25.html	d2-zamrozone-narzedzie-disinfolklore-kompilacja-v01_00-2026-03-25-anchory.html	4	H2	IICzym jest Disinfolklore — definicja i zakres	definicja-i-zakres
D2	d2-zamrozone-narzedzie-disinfolklore-kompilacja-v01_00-2026-03-25.html	d2-zamrozone-narzedzie-disinfolklore-kompilacja-v01_00-2026-03-25-anchory.html	5	H2	IIIDwanaście narzędzi metody analitycznej	dwanascie-narzedzi
D2	d2-zamrozone-narzedzie-disinfolklore-kompilacja-v01_00-2026-03-25.html	d2-zamrozone-narzedzie-disinfolklore-kompilacja-v01_00-2026-03-25-anchory.html	6	H4	Archetypal Disinfolklore Literacy	archetypal-disinfolklore-literacy
D2	d2-zamrozone-narzedzie-disinfolklore-kompilacja-v01_00-2026-03-25.html	d2-zamrozone-narzedzie-disinfolklore-kompilacja-v01_00-2026-03-25-anchory.html	7	H4	Incoming-Outgoing Troll Radars	troll-radars
D2	d2-zamrozone-narzedzie-disinfolklore-kompilacja-v01_00-2026-03-25.html	d2-zamrozone-narzedzie-disinfolklore-kompilacja-v01_00-2026-03-25-anchory.html	8	H4	Look for the Mana in the Meme!	mana-in-the-meme
D2	d2-zamrozone-narzedzie-disinfolklore-kompilacja-v01_00-2026-03-25.html	d2-zamrozone-narzedzie-disinfolklore-kompilacja-v01_00-2026-03-25-anchory.html	9	H4	Archetypal Structures	archetypal-structures
D2	d2-zamrozone-narzedzie-disinfolklore-kompilacja-v01_00-2026-03-25.html	d2-zamrozone-narzedzie-disinfolklore-kompilacja-v01_00-2026-03-25-anchory.html	10	H4	Trigger → Experience → Reaction	trigger-experience-reaction
D2	d2-zamrozone-narzedzie-disinfolklore-kompilacja-v01_00-2026-03-25.html	d2-zamrozone-narzedzie-disinfolklore-kompilacja-v01_00-2026-03-25-anchory.html	11	H4	Code of Positive Trolls	code-of-positive-trolls
D2	d2-zamrozone-narzedzie-disinfolklore-kompilacja-v01_00-2026-03-25.html	d2-zamrozone-narzedzie-disinfolklore-kompilacja-v01_00-2026-03-25-anchory.html	12	H4	Accusation in a Mirror	accusation-in-a-mirror
D2	d2-zamrozone-narzedzie-disinfolklore-kompilacja-v01_00-2026-03-25.html	d2-zamrozone-narzedzie-disinfolklore-kompilacja-v01_00-2026-03-25-anchory.html	13	H4	Provocation Logic Cycle	provocation-logic-cycle
D2	d2-zamrozone-narzedzie-disinfolklore-kompilacja-v01_00-2026-03-25.html	d2-zamrozone-narzedzie-disinfolklore-kompilacja-v01_00-2026-03-25-anchory.html	14	H4	Witch Switch	witch-switch
D2	d2-zamrozone-narzedzie-disinfolklore-kompilacja-v01_00-2026-03-25.html	d2-zamrozone-narzedzie-disinfolklore-kompilacja-v01_00-2026-03-25-anchory.html	15	H4	Coercive Control	coercive-control
D2	d2-zamrozone-narzedzie-disinfolklore-kompilacja-v01_00-2026-03-25.html	d2-zamrozone-narzedzie-disinfolklore-kompilacja-v01_00-2026-03-25-anchory.html	16	H4	Re-Archetyping	re-archetyping
D2	d2-zamrozone-narzedzie-disinfolklore-kompilacja-v01_00-2026-03-25.html	d2-zamrozone-narzedzie-disinfolklore-kompilacja-v01_00-2026-03-25-anchory.html	17	H4	Understanding Rashist Construction	rashist-construction
D2	d2-zamrozone-narzedzie-disinfolklore-kompilacja-v01_00-2026-03-25.html	d2-zamrozone-narzedzie-disinfolklore-kompilacja-v01_00-2026-03-25-anchory.html	18	H2	IVTrzy archetypy: Druidy Don, Duncey Putin, Komik	trzy-archetypy
D2	d2-zamrozone-narzedzie-disinfolklore-kompilacja-v01_00-2026-03-25.html	d2-zamrozone-narzedzie-disinfolklore-kompilacja-v01_00-2026-03-25-anchory.html	19	H4	Druidy Don (Trump)	druidy-don
D2	d2-zamrozone-narzedzie-disinfolklore-kompilacja-v01_00-2026-03-25.html	d2-zamrozone-narzedzie-disinfolklore-kompilacja-v01_00-2026-03-25-anchory.html	20	H4	Duncey Putin	duncey-putin
D2	d2-zamrozone-narzedzie-disinfolklore-kompilacja-v01_00-2026-03-25.html	d2-zamrozone-narzedzie-disinfolklore-kompilacja-v01_00-2026-03-25-anchory.html	21	H4	Komik (Zełenski)	komik-zelenski
D2	d2-zamrozone-narzedzie-disinfolklore-kompilacja-v01_00-2026-03-25.html	d2-zamrozone-narzedzie-disinfolklore-kompilacja-v01_00-2026-03-25-anchory.html	22	H2	VMana — energia w memach	mana-energia-w-memach
D2	d2-zamrozone-narzedzie-disinfolklore-kompilacja-v01_00-2026-03-25.html	d2-zamrozone-narzedzie-disinfolklore-kompilacja-v01_00-2026-03-25-anchory.html	23	H2	VIAccusation in a Mirror i Provocation Logic	accusation-in-a-mirror-i-provocation-logic
D2	d2-zamrozone-narzedzie-disinfolklore-kompilacja-v01_00-2026-03-25.html	d2-zamrozone-narzedzie-disinfolklore-kompilacja-v01_00-2026-03-25-anchory.html	24	H3	Oskarżenie w lustrze (Accusation in a Mirror)	oskarzenie-w-lustrze
D2	d2-zamrozone-narzedzie-disinfolklore-kompilacja-v01_00-2026-03-25.html	d2-zamrozone-narzedzie-disinfolklore-kompilacja-v01_00-2026-03-25-anchory.html	25	H3	Cykl logiki prowokacji (Provocation Logic Cycle)	cykl-logiki-prowokacji
D2	d2-zamrozone-narzedzie-disinfolklore-kompilacja-v01_00-2026-03-25.html	d2-zamrozone-narzedzie-disinfolklore-kompilacja-v01_00-2026-03-25-anchory.html	26	H2	VIIWitch Switch — przełącznik czarownicy	witch-switch-przelacznik-czarownicy
D2	d2-zamrozone-narzedzie-disinfolklore-kompilacja-v01_00-2026-03-25.html	d2-zamrozone-narzedzie-disinfolklore-kompilacja-v01_00-2026-03-25-anchory.html	27	H2	VIIIData Resistant Archetypes — mentalne modele oporne na fakty	data-resistant-archetypes
D2	d2-zamrozone-narzedzie-disinfolklore-kompilacja-v01_00-2026-03-25.html	d2-zamrozone-narzedzie-disinfolklore-kompilacja-v01_00-2026-03-25-anchory.html	28	H2	IXFinding Manuland — indoeuropejskie fundamenty	finding-manuland
D2	d2-zamrozone-narzedzie-disinfolklore-kompilacja-v01_00-2026-03-25.html	d2-zamrozone-narzedzie-disinfolklore-kompilacja-v01_00-2026-03-25-anchory.html	29	H3	Główne tezy Finding Manuland	finding-manuland-glowne-tezy
D2	d2-zamrozone-narzedzie-disinfolklore-kompilacja-v01_00-2026-03-25.html	d2-zamrozone-narzedzie-disinfolklore-kompilacja-v01_00-2026-03-25-anchory.html	30	H2	XDisinfolklore a FIMI UE — komplementarność ram	disinfolklore-fimi
D2	d2-zamrozone-narzedzie-disinfolklore-kompilacja-v01_00-2026-03-25.html	d2-zamrozone-narzedzie-disinfolklore-kompilacja-v01_00-2026-03-25-anchory.html	31	H3	Co FIMI robi dobrze	fimi-co-robi-dobrze
D2	d2-zamrozone-narzedzie-disinfolklore-kompilacja-v01_00-2026-03-25.html	d2-zamrozone-narzedzie-disinfolklore-kompilacja-v01_00-2026-03-25-anchory.html	32	H3	Czego FIMI nie widzi — a Disinfolklore tak	fimi-czego-nie-widzi
D2	d2-zamrozone-narzedzie-disinfolklore-kompilacja-v01_00-2026-03-25.html	d2-zamrozone-narzedzie-disinfolklore-kompilacja-v01_00-2026-03-25-anchory.html	33	H2	XICounter-Disinfolklore — narzędzia obrony	counter-disinfolklore
D2	d2-zamrozone-narzedzie-disinfolklore-kompilacja-v01_00-2026-03-25.html	d2-zamrozone-narzedzie-disinfolklore-kompilacja-v01_00-2026-03-25-anchory.html	34	H2	XIIWnioski i kierunki dalszych badań	wnioski-i-kierunki
D3	d3-zamrozone-narzedzie-disinfolklore-swot-advocatus-v01_00-2026-03-25.html	d3-zamrozone-narzedzie-disinfolklore-swot-advocatus-v01_00-2026-03-25-anchory.html	1	H1	Disinfolklore: SWOT,Advocatus Diaboli,Przesłuchanie	disinfolklore-swot-advocatus-przesluchanie
D3	d3-zamrozone-narzedzie-disinfolklore-swot-advocatus-v01_00-2026-03-25.html	d3-zamrozone-narzedzie-disinfolklore-swot-advocatus-v01_00-2026-03-25-anchory.html	2	H2	Analiza SWOT	analiza-swot
D3	d3-zamrozone-narzedzie-disinfolklore-swot-advocatus-v01_00-2026-03-25.html	d3-zamrozone-narzedzie-disinfolklore-swot-advocatus-v01_00-2026-03-25-anchory.html	3	H3	Strengths — Siły	strengths-sily
D3	d3-zamrozone-narzedzie-disinfolklore-swot-advocatus-v01_00-2026-03-25.html	d3-zamrozone-narzedzie-disinfolklore-swot-advocatus-v01_00-2026-03-25-anchory.html	4	H3	Weaknesses — Słabości	weaknesses-slabosci
D3	d3-zamrozone-narzedzie-disinfolklore-swot-advocatus-v01_00-2026-03-25.html	d3-zamrozone-narzedzie-disinfolklore-swot-advocatus-v01_00-2026-03-25-anchory.html	5	H3	Opportunities — Szanse	opportunities-szanse
D3	d3-zamrozone-narzedzie-disinfolklore-swot-advocatus-v01_00-2026-03-25.html	d3-zamrozone-narzedzie-disinfolklore-swot-advocatus-v01_00-2026-03-25-anchory.html	6	H3	Threats — Zagrożenia	threats-zagrozenia
D3	d3-zamrozone-narzedzie-disinfolklore-swot-advocatus-v01_00-2026-03-25.html	d3-zamrozone-narzedzie-disinfolklore-swot-advocatus-v01_00-2026-03-25-anchory.html	7	H3	Synteza strategiczna	synteza-strategiczna
D3	d3-zamrozone-narzedzie-disinfolklore-swot-advocatus-v01_00-2026-03-25.html	d3-zamrozone-narzedzie-disinfolklore-swot-advocatus-v01_00-2026-03-25-anchory.html	8	H2	Advocatus Diaboli	advocatus-diaboli
D3	d3-zamrozone-narzedzie-disinfolklore-swot-advocatus-v01_00-2026-03-25.html	d3-zamrozone-narzedzie-disinfolklore-swot-advocatus-v01_00-2026-03-25-anchory.html	9	H4	Jeśli archetypowanie jest bronią — to czy re-archetypowanie nie jest tą samą bronią z odwróconym ostrzem?	archetypowanie-jako-bron
D3	d3-zamrozone-narzedzie-disinfolklore-swot-advocatus-v01_00-2026-03-25.html	d3-zamrozone-narzedzie-disinfolklore-swot-advocatus-v01_00-2026-03-25-anchory.html	10	H4	Obserwator w polu bitwy: czy można badać zaklęcia, nie będąc samemu zaczarowanym?	obserwator-w-polu-bitwy
D3	d3-zamrozone-narzedzie-disinfolklore-swot-advocatus-v01_00-2026-03-25.html	d3-zamrozone-narzedzie-disinfolklore-swot-advocatus-v01_00-2026-03-25-anchory.html	11	H4	Mana: czy pojęcie niefalsyfikowalne zachowuje moc analityczną?	mana-falsyfikowalnosc
D3	d3-zamrozone-narzedzie-disinfolklore-swot-advocatus-v01_00-2026-03-25.html	d3-zamrozone-narzedzie-disinfolklore-swot-advocatus-v01_00-2026-03-25-anchory.html	12	H4	"Czy twierdzenie „Ukraina to cywilizacja źródłowa Zachodu"" nie jest samo w sobie aktem Disinfolklore?"	ukraina-jako-disinfolklore
D3	d3-zamrozone-narzedzie-disinfolklore-swot-advocatus-v01_00-2026-03-25.html	d3-zamrozone-narzedzie-disinfolklore-swot-advocatus-v01_00-2026-03-25-anchory.html	13	H4	Indoeuropocentryzm jako ślepy punkt: co z umysłami, które ukształtowały inne matryce?	indoeuropocentryzm
D3	d3-zamrozone-narzedzie-disinfolklore-swot-advocatus-v01_00-2026-03-25.html	d3-zamrozone-narzedzie-disinfolklore-swot-advocatus-v01_00-2026-03-25-anchory.html	14	H4	Problem skali: 1,5 miliona słów vs. 15-sekundowy TikTok. Czy antywirusem na snajpera jest encyklopedia?	problem-skali
D3	d3-zamrozone-narzedzie-disinfolklore-swot-advocatus-v01_00-2026-03-25.html	d3-zamrozone-narzedzie-disinfolklore-swot-advocatus-v01_00-2026-03-25-anchory.html	15	H4	Granica między narzędziem a systemem wierzeń: kiedy analityk staje się kapłanem?	narzedzie-czy-system-wierzen
D3	d3-zamrozone-narzedzie-disinfolklore-swot-advocatus-v01_00-2026-03-25.html	d3-zamrozone-narzedzie-disinfolklore-swot-advocatus-v01_00-2026-03-25-anchory.html	16	H4	Czy demokratyczna broń może przetrwać kontakt z demokratycznym wyborcą?	demokratyczna-bron-i-wyborca
D3	d3-zamrozone-narzedzie-disinfolklore-swot-advocatus-v01_00-2026-03-25.html	d3-zamrozone-narzedzie-disinfolklore-swot-advocatus-v01_00-2026-03-25-anchory.html	17	H4	Fabuła o trzech postaciach: czy redukcja geopolityki do bajki nie jest formą tego, co Pan krytykuje?	trzy-postacie-redukcja-geopolityki
D3	d3-zamrozone-narzedzie-disinfolklore-swot-advocatus-v01_00-2026-03-25.html	d3-zamrozone-narzedzie-disinfolklore-swot-advocatus-v01_00-2026-03-25-anchory.html	18	H4	Ostateczna aporia: czy można zbudować post-narracyjne narzędzie wyłącznie z narracji?	postnarracyjne-narzedzie-z-narracji
D3	d3-zamrozone-narzedzie-disinfolklore-swot-advocatus-v01_00-2026-03-25.html	d3-zamrozone-narzedzie-disinfolklore-swot-advocatus-v01_00-2026-03-25-anchory.html	19	H2	Przesłuchanie informacyjne biegłegow trybie art. 278 i nast. k.p.c.	przesluchanie-bieglego
D3	d3-zamrozone-narzedzie-disinfolklore-swot-advocatus-v01_00-2026-03-25.html	d3-zamrozone-narzedzie-disinfolklore-swot-advocatus-v01_00-2026-03-25-anchory.html	20	H4	Panie biegły, proszę wskazać, w jakim recenzowanym piśmie naukowym opublikował Pan pełny opis metody Disinfolklore, wraz z recenzjami zewnętrznymi.	publikacja-i-recenzja-metody
D3	d3-zamrozone-narzedzie-disinfolklore-swot-advocatus-v01_00-2026-03-25.html	d3-zamrozone-narzedzie-disinfolklore-swot-advocatus-v01_00-2026-03-25-anchory.html	21	H4	Czy dwóch niezależnych analityków, stosujących Pana dwunastoelementowy algorytm do tego samego memu, dojdzie do identycznej konkluzji co do jego klasyfikacji jako Disinfolklore?	powtarzalnosc-klasyfikacji
D3	d3-zamrozone-narzedzie-disinfolklore-swot-advocatus-v01_00-2026-03-25.html	d3-zamrozone-narzedzie-disinfolklore-swot-advocatus-v01_00-2026-03-25-anchory.html	22	H4	"Panie biegły, Pan posługuje się pojęciem „mana"" jako kluczowym wskaźnikiem analitycznym. Proszę wskazać, jaki wynik empiryczny sfalsyfikowałby twierdzenie, że dany mem „zawiera silną manę""."	mana-kryterium-falsyfikacji
D3	d3-zamrozone-narzedzie-disinfolklore-swot-advocatus-v01_00-2026-03-25.html	d3-zamrozone-narzedzie-disinfolklore-swot-advocatus-v01_00-2026-03-25-anchory.html	23	H4	Pana wykształcenie formalne i doświadczenie zawodowe to dyplomacja i mediacja w kontekście OBWE. Proszę wskazać Pana kwalifikacje w zakresie lingwistyki porównawczej, folklorystyki, psychologii poznawczej i archeogenetyki — dyscyplin, na których opiera Pan swoją metodę.	kwalifikacje-bieglego
D3	d3-zamrozone-narzedzie-disinfolklore-swot-advocatus-v01_00-2026-03-25.html	d3-zamrozone-narzedzie-disinfolklore-swot-advocatus-v01_00-2026-03-25-anchory.html	24	H4	"Pan jest publicznie zaangażowanym obrońcą sprawy ukraińskiej. Prowadzi Pan fundację Volya, współpracuje z NAFO, określa Rosję terminem „Ruschia"". Jak Pan zapewnia sąd o swojej bezstronności jako biegłego w sprawie, w której jedną ze stron jest podmiot powiązany z Federacją Rosyjską?"	bezstronnosc-bieglego
D3	d3-zamrozone-narzedzie-disinfolklore-swot-advocatus-v01_00-2026-03-25.html	d3-zamrozone-narzedzie-disinfolklore-swot-advocatus-v01_00-2026-03-25-anchory.html	25	H4	"Proszę podać precyzyjną, operacyjną definicję pojęcia „archetyp"" w Pana metodzie, odróżniającą je od definicji Junga, Campbella i Proppa — na tyle ścisłą, by dwóch prawników mogło niezależnie zastosować ją do tego samego stanu faktycznego."	operacyjna-definicja-archetypu
D3	d3-zamrozone-narzedzie-disinfolklore-swot-advocatus-v01_00-2026-03-25.html	d3-zamrozone-narzedzie-disinfolklore-swot-advocatus-v01_00-2026-03-25-anchory.html	26	H4	Czy Pan dysponuje danymi empirycznymi — w formie badań eksperymentalnych, quasi-eksperymentalnych lub choćby studium przypadku z grupą kontrolną — potwierdzającymi, że zastosowanie metody Disinfolklore zwiększa odporność odbiorców na dezinformację?	dane-empiryczne-odpornosc-na-dezinformacje
D3	d3-zamrozone-narzedzie-disinfolklore-swot-advocatus-v01_00-2026-03-25.html	d3-zamrozone-narzedzie-disinfolklore-swot-advocatus-v01_00-2026-03-25-anchory.html	27	H4	"Pan twierdzi, że dźwięk M-N stanowi „najistotniejsze odkrycie w lingwistyce indoeuropejskiej od czasów de Saussure'a"". Proszę wskazać, ilu profesorów lingwistyki indoeuropejskiej — choćby jeden — publicznie poparło to twierdzenie."	m-n-poparcie-lingwistow
D3	d3-zamrozone-narzedzie-disinfolklore-swot-advocatus-v01_00-2026-03-25.html	d3-zamrozone-narzedzie-disinfolklore-swot-advocatus-v01_00-2026-03-25-anchory.html	28	H4	Proszę wskazać konkretny przypadek, w którym Pana metoda dałaby wynik fałszywie pozytywny — tj. zidentyfikowałaby jako Disinfolklore komunikat, który nim nie jest.	falszywie-pozytywny
D3	d3-zamrozone-narzedzie-disinfolklore-swot-advocatus-v01_00-2026-03-25.html	d3-zamrozone-narzedzie-disinfolklore-swot-advocatus-v01_00-2026-03-25-anchory.html	29	H4	"Pan twierdzi, że „Accusation in a Mirror"" jest strukturą wspólną dla wszystkich ludobójstw — sprawca oskarża ofiarę o to, co sam planuje. Ale wzajemne oskarżenia są codziennością polityki. Proszę podać precyzyjne kryterium, na podstawie którego sąd mógłby odróżnić autentyczne oskarżenie od „Accusation in a Mirror""."	accusation-in-a-mirror-kryterium
D3	d3-zamrozone-narzedzie-disinfolklore-swot-advocatus-v01_00-2026-03-25.html	d3-zamrozone-narzedzie-disinfolklore-swot-advocatus-v01_00-2026-03-25-anchory.html	30	H4	W jakim typie postępowania cywilnego — o ochronę dóbr osobistych, o naruszenie praw autorskich, o zadośćuczynienie — Pana metoda miałaby walor dowodowy? Proszę wskazać konkretny przepis k.c. lub k.p.c., który dopuszczałby opinię opartą na tej metodzie.	walor-dowodowy
D3	d3-zamrozone-narzedzie-disinfolklore-swot-advocatus-v01_00-2026-03-25.html	d3-zamrozone-narzedzie-disinfolklore-swot-advocatus-v01_00-2026-03-25-anchory.html	31	H4	Panie biegły, ostatnie pytanie: czy Pan, jako twórca tej metody, jest w stanie wskazać warunki, w których sam uznałby ją za obaloną?	warunki-obalenia-metody
D4	d4-zamrozone-rosyjskie-samobojstwa-taksonomia-v08_01-2026-06-13.html	d4-zamrozone-rosyjskie-samobojstwa-taksonomia-v08_01-2026-06-13-anchory.html	1	H1	☠️ Taksonomia rosyjskiego samobójstwa	taksonomia-rosyjskiego-samobojstwa
D4	d4-zamrozone-rosyjskie-samobojstwa-taksonomia-v08_01-2026-06-13.html	d4-zamrozone-rosyjskie-samobojstwa-taksonomia-v08_01-2026-06-13-anchory.html	2	H2	I. Defenestracja (upadek z okna)	defenestracja
D4	d4-zamrozone-rosyjskie-samobojstwa-taksonomia-v08_01-2026-06-13.html	d4-zamrozone-rosyjskie-samobojstwa-taksonomia-v08_01-2026-06-13-anchory.html	3	H2	II. Broń palna	bron-palna
D4	d4-zamrozone-rosyjskie-samobojstwa-taksonomia-v08_01-2026-06-13.html	d4-zamrozone-rosyjskie-samobojstwa-taksonomia-v08_01-2026-06-13-anchory.html	4	H2	III. Powieszenie / uduszenie	powieszenie-uduszenie
D4	d4-zamrozone-rosyjskie-samobojstwa-taksonomia-v08_01-2026-06-13.html	d4-zamrozone-rosyjskie-samobojstwa-taksonomia-v08_01-2026-06-13-anchory.html	5	H2	IV. Utonięcie / upadek z jednostki pływającej	utoniecie-upadek-z-jednostki
D4	d4-zamrozone-rosyjskie-samobojstwa-taksonomia-v08_01-2026-06-13.html	d4-zamrozone-rosyjskie-samobojstwa-taksonomia-v08_01-2026-06-13-anchory.html	6	H2	"V. Nagły zawał / „ostre niewydolności"""	nagly-zawal-niewydolnosc
D4	d4-zamrozone-rosyjskie-samobojstwa-taksonomia-v08_01-2026-06-13.html	d4-zamrozone-rosyjskie-samobojstwa-taksonomia-v08_01-2026-06-13-anchory.html	7	H2	VI. Trucizny i substancje egzotyczne	trucizny-substancje-egzotyczne
D4	d4-zamrozone-rosyjskie-samobojstwa-taksonomia-v08_01-2026-06-13.html	d4-zamrozone-rosyjskie-samobojstwa-taksonomia-v08_01-2026-06-13-anchory.html	8	H2	VII. Śmierć w więzieniu / kolonii karnej	smierc-w-wiezieniu
D4	d4-zamrozone-rosyjskie-samobojstwa-taksonomia-v08_01-2026-06-13.html	d4-zamrozone-rosyjskie-samobojstwa-taksonomia-v08_01-2026-06-13-anchory.html	9	H2	VIII. Znaleziony martwy (bez wyjaśnienia)	znaleziony-martwy
D4	d4-zamrozone-rosyjskie-samobojstwa-taksonomia-v08_01-2026-06-13.html	d4-zamrozone-rosyjskie-samobojstwa-taksonomia-v08_01-2026-06-13-anchory.html	10	H2	IX. Katastrofa lotnicza (cel = grupa)	katastrofa-lotnicza
D4	d4-zamrozone-rosyjskie-samobojstwa-taksonomia-v08_01-2026-06-13.html	d4-zamrozone-rosyjskie-samobojstwa-taksonomia-v08_01-2026-06-13-anchory.html	11	H2	X. Dekapitacja	dekapitacja
D4	d4-zamrozone-rosyjskie-samobojstwa-taksonomia-v08_01-2026-06-13.html	d4-zamrozone-rosyjskie-samobojstwa-taksonomia-v08_01-2026-06-13-anchory.html	12	H2	XI. Metoda podwójna (combo)	metoda-podwojna
D4	d4-zamrozone-rosyjskie-samobojstwa-taksonomia-v08_01-2026-06-13.html	d4-zamrozone-rosyjskie-samobojstwa-taksonomia-v08_01-2026-06-13-anchory.html	13	H2	XII. Metaanaliza — co mówi taksonomia	metaanaliza-taksonomii
D5	d5-zamrozone-putin-cornered-animal-v03_00-2026-03-24.html	d5-zamrozone-putin-cornered-animal-v03_00-2026-03-24-anchory.html	1	H1	🐀 Putin — cornered animal edition (v3)	putin-cornered-animal
D5	d5-zamrozone-putin-cornered-animal-v03_00-2026-03-24.html	d5-zamrozone-putin-cornered-animal-v03_00-2026-03-24-anchory.html	2	H2	0. Dlaczego to nie jest pytanie o pieniądze	nie-pytanie-o-pieniadze
D5	d5-zamrozone-putin-cornered-animal-v03_00-2026-03-24.html	d5-zamrozone-putin-cornered-animal-v03_00-2026-03-24-anchory.html	3	H2	I. Co mu realnie zostaje (po wszystkich korektach)	co-mu-zostaje
D5	d5-zamrozone-putin-cornered-animal-v03_00-2026-03-24.html	d5-zamrozone-putin-cornered-animal-v03_00-2026-03-24-anchory.html	4	H2	II. Co nie działa (skreślone)	co-nie-dziala
D5	d5-zamrozone-putin-cornered-animal-v03_00-2026-03-24.html	d5-zamrozone-putin-cornered-animal-v03_00-2026-03-24-anchory.html	5	H2	III. Ukryty majątek — $1 bln dark money	ukryty-majatek-dark-money
D5	d5-zamrozone-putin-cornered-animal-v03_00-2026-03-24.html	d5-zamrozone-putin-cornered-animal-v03_00-2026-03-24-anchory.html	6	H2	IV. Cornered animal — scenariusze desperacji	scenariusze-desperacji
D5	d5-zamrozone-putin-cornered-animal-v03_00-2026-03-24.html	d5-zamrozone-putin-cornered-animal-v03_00-2026-03-24-anchory.html	7	H2	V. Kluczowe pytanie: kiedy elity odłączą się od Putina?	kiedy-elity-odlacza-sie-od-putina
D5	d5-zamrozone-putin-cornered-animal-v03_00-2026-03-24.html	d5-zamrozone-putin-cornered-animal-v03_00-2026-03-24-anchory.html	8	H3	Synteza v3: Projekt życia mu nie wyszedł	projekt-zycia-mu-nie-wyszedl
D6	d6-zamrozone-jalta-3-analiza-strategiczna-v01_00-2026-03-08.html	d6-zamrozone-jalta-3-analiza-strategiczna-v01_00-2026-03-08-anchory.html	1	H1	Jałta 3.0	jalta-3-0
D6	d6-zamrozone-jalta-3-analiza-strategiczna-v01_00-2026-03-08.html	d6-zamrozone-jalta-3-analiza-strategiczna-v01_00-2026-03-08-anchory.html	2	H3	Spis treści	spis-tresci
D6	d6-zamrozone-jalta-3-analiza-strategiczna-v01_00-2026-03-08.html	d6-zamrozone-jalta-3-analiza-strategiczna-v01_00-2026-03-08-anchory.html	3	H2	1. Wizja — Synteza	wizja-synteza
D6	d6-zamrozone-jalta-3-analiza-strategiczna-v01_00-2026-03-08.html	d6-zamrozone-jalta-3-analiza-strategiczna-v01_00-2026-03-08-anchory.html	4	H3	Filary wizji	filary-wizji
D6	d6-zamrozone-jalta-3-analiza-strategiczna-v01_00-2026-03-08.html	d6-zamrozone-jalta-3-analiza-strategiczna-v01_00-2026-03-08-anchory.html	5	H2	2. Koncepcja operacyjna	koncepcja-operacyjna
D6	d6-zamrozone-jalta-3-analiza-strategiczna-v01_00-2026-03-08.html	d6-zamrozone-jalta-3-analiza-strategiczna-v01_00-2026-03-08-anchory.html	6	H3	2.1 Rzeka Aras — klucz do operacji azerskiej	rzeka-aras
D6	d6-zamrozone-jalta-3-analiza-strategiczna-v01_00-2026-03-08.html	d6-zamrozone-jalta-3-analiza-strategiczna-v01_00-2026-03-08-anchory.html	7	H3	2.2 Pas 30 km — logika operacyjna	pas-30-km
D6	d6-zamrozone-jalta-3-analiza-strategiczna-v01_00-2026-03-08.html	d6-zamrozone-jalta-3-analiza-strategiczna-v01_00-2026-03-08-anchory.html	8	H3	2.3 Zagros — domena kurdyjska	zagros-domena-kurdyjska
D6	d6-zamrozone-jalta-3-analiza-strategiczna-v01_00-2026-03-08.html	d6-zamrozone-jalta-3-analiza-strategiczna-v01_00-2026-03-08-anchory.html	9	H3	2.4 Wielki deal — Władywostok za Kaukaz	wielki-deal-wladywostok-za-kaukaz
D6	d6-zamrozone-jalta-3-analiza-strategiczna-v01_00-2026-03-08.html	d6-zamrozone-jalta-3-analiza-strategiczna-v01_00-2026-03-08-anchory.html	10	H3	2.5 Model końcowy — Hanza 2.0	hanza-2-0
D6	d6-zamrozone-jalta-3-analiza-strategiczna-v01_00-2026-03-08.html	d6-zamrozone-jalta-3-analiza-strategiczna-v01_00-2026-03-08-anchory.html	11	H2	3. Mapa driverów — aktor po aktorze	mapa-driverow
D6	d6-zamrozone-jalta-3-analiza-strategiczna-v01_00-2026-03-08.html	d6-zamrozone-jalta-3-analiza-strategiczna-v01_00-2026-03-08-anchory.html	12	H2	4. Analizy przeprowadzone	analizy-przeprowadzone
D6	d6-zamrozone-jalta-3-analiza-strategiczna-v01_00-2026-03-08.html	d6-zamrozone-jalta-3-analiza-strategiczna-v01_00-2026-03-08-anchory.html	13	H3	4.1 Analiza rozpadu irańskiej państwowości	rozpad-iranskiej-panstwowosci
D6	d6-zamrozone-jalta-3-analiza-strategiczna-v01_00-2026-03-08.html	d6-zamrozone-jalta-3-analiza-strategiczna-v01_00-2026-03-08-anchory.html	14	H4	Argumenty za rozpoczęciem rozpadu	argumenty-za-rozpadem
D6	d6-zamrozone-jalta-3-analiza-strategiczna-v01_00-2026-03-08.html	d6-zamrozone-jalta-3-analiza-strategiczna-v01_00-2026-03-08-anchory.html	15	H4	Argumenty przeciw	argumenty-przeciw-rozpadowi
D6	d6-zamrozone-jalta-3-analiza-strategiczna-v01_00-2026-03-08.html	d6-zamrozone-jalta-3-analiza-strategiczna-v01_00-2026-03-08-anchory.html	16	H3	4.2 Analiza utraty aury strachu przez IRGC	utrata-aury-strachu-irgc
D6	d6-zamrozone-jalta-3-analiza-strategiczna-v01_00-2026-03-08.html	d6-zamrozone-jalta-3-analiza-strategiczna-v01_00-2026-03-08-anchory.html	17	H4	Wnioski	wnioski-irgc
D6	d6-zamrozone-jalta-3-analiza-strategiczna-v01_00-2026-03-08.html	d6-zamrozone-jalta-3-analiza-strategiczna-v01_00-2026-03-08-anchory.html	18	H3	4.3 Analiza operacji azerskiej	operacja-azerska
D6	d6-zamrozone-jalta-3-analiza-strategiczna-v01_00-2026-03-08.html	d6-zamrozone-jalta-3-analiza-strategiczna-v01_00-2026-03-08-anchory.html	19	H4	Feasibility	feasibility-operacji-azerskiej
D6	d6-zamrozone-jalta-3-analiza-strategiczna-v01_00-2026-03-08.html	d6-zamrozone-jalta-3-analiza-strategiczna-v01_00-2026-03-08-anchory.html	20	H3	4.4 Analiza konwergencji interesów sojuszników	konwergencja-interesow-sojusznikow
D6	d6-zamrozone-jalta-3-analiza-strategiczna-v01_00-2026-03-08.html	d6-zamrozone-jalta-3-analiza-strategiczna-v01_00-2026-03-08-anchory.html	21	H4	Zbieżności	zbieznosci-sojusznikow
D6	d6-zamrozone-jalta-3-analiza-strategiczna-v01_00-2026-03-08.html	d6-zamrozone-jalta-3-analiza-strategiczna-v01_00-2026-03-08-anchory.html	22	H4	Sprzeczności	sprzecznosci-sojusznikow
D6	d6-zamrozone-jalta-3-analiza-strategiczna-v01_00-2026-03-08.html	d6-zamrozone-jalta-3-analiza-strategiczna-v01_00-2026-03-08-anchory.html	23	H3	4.5 Analiza roli Rosji	rola-rosji
D6	d6-zamrozone-jalta-3-analiza-strategiczna-v01_00-2026-03-08.html	d6-zamrozone-jalta-3-analiza-strategiczna-v01_00-2026-03-08-anchory.html	24	H4	Dlaczego Rosja się nie liczy	dlaczego-rosja-sie-nie-liczy
D6	d6-zamrozone-jalta-3-analiza-strategiczna-v01_00-2026-03-08.html	d6-zamrozone-jalta-3-analiza-strategiczna-v01_00-2026-03-08-anchory.html	25	H3	4.6 Analiza modelu finansowania	model-finansowania
D6	d6-zamrozone-jalta-3-analiza-strategiczna-v01_00-2026-03-08.html	d6-zamrozone-jalta-3-analiza-strategiczna-v01_00-2026-03-08-anchory.html	26	H4	Źródła kapitału	zrodla-kapitalu
D6	d6-zamrozone-jalta-3-analiza-strategiczna-v01_00-2026-03-08.html	d6-zamrozone-jalta-3-analiza-strategiczna-v01_00-2026-03-08-anchory.html	27	H3	4.7 Analiza szoku jako akceleratora	szok-jako-akcelerator
D6	d6-zamrozone-jalta-3-analiza-strategiczna-v01_00-2026-03-08.html	d6-zamrozone-jalta-3-analiza-strategiczna-v01_00-2026-03-08-anchory.html	28	H4	Precedensy historyczne	precedensy-historyczne
D6	d6-zamrozone-jalta-3-analiza-strategiczna-v01_00-2026-03-08.html	d6-zamrozone-jalta-3-analiza-strategiczna-v01_00-2026-03-08-anchory.html	29	H2	5. Zidentyfikowane dziury i ryzyka	dziury-i-ryzyka
D6	d6-zamrozone-jalta-3-analiza-strategiczna-v01_00-2026-03-08.html	d6-zamrozone-jalta-3-analiza-strategiczna-v01_00-2026-03-08-anchory.html	30	H4	RYZYKO KRYTYCZNE 1: 440 kg uranu w rozpadającym się państwie	ryzyko-uran-440-kg
D6	d6-zamrozone-jalta-3-analiza-strategiczna-v01_00-2026-03-08.html	d6-zamrozone-jalta-3-analiza-strategiczna-v01_00-2026-03-08-anchory.html	31	H4	RYZYKO KRYTYCZNE 2: Globalny szok naftowy	ryzyko-globalny-szok-naftowy
D6	d6-zamrozone-jalta-3-analiza-strategiczna-v01_00-2026-03-08.html	d6-zamrozone-jalta-3-analiza-strategiczna-v01_00-2026-03-08-anchory.html	32	H4	RYZYKO 3: Pakistan i Beludżystan	ryzyko-pakistan-beludzystan
D6	d6-zamrozone-jalta-3-analiza-strategiczna-v01_00-2026-03-08.html	d6-zamrozone-jalta-3-analiza-strategiczna-v01_00-2026-03-08-anchory.html	33	H4	RYZYKO 4: Tożsamość irańskich Azerów	ryzyko-tozsamosc-iranskich-azerow
D6	d6-zamrozone-jalta-3-analiza-strategiczna-v01_00-2026-03-08.html	d6-zamrozone-jalta-3-analiza-strategiczna-v01_00-2026-03-08-anchory.html	34	H4	RYZYKO 5: Mission creep i eskalacja	ryzyko-mission-creep-eskalacja
D6	d6-zamrozone-jalta-3-analiza-strategiczna-v01_00-2026-03-08.html	d6-zamrozone-jalta-3-analiza-strategiczna-v01_00-2026-03-08-anchory.html	35	H4	RYZYKO 6: Fragmentacja kurdyjska	ryzyko-fragmentacja-kurdyjska
D6	d6-zamrozone-jalta-3-analiza-strategiczna-v01_00-2026-03-08.html	d6-zamrozone-jalta-3-analiza-strategiczna-v01_00-2026-03-08-anchory.html	36	H4	RYZYKO 7: Sekwencja zdarzeń	ryzyko-sekwencja-zdarzen
D6	d6-zamrozone-jalta-3-analiza-strategiczna-v01_00-2026-03-08.html	d6-zamrozone-jalta-3-analiza-strategiczna-v01_00-2026-03-08-anchory.html	37	H2	6. Werdykt końcowy	werdykt-koncowy
D6	d6-zamrozone-jalta-3-analiza-strategiczna-v01_00-2026-03-08.html	d6-zamrozone-jalta-3-analiza-strategiczna-v01_00-2026-03-08-anchory.html	38	H3	Ocena analityka	ocena-analityka
D7	d7-zamrozone-jalta-3-apendyks-v01_00-2026-03-08.html	d7-zamrozone-jalta-3-apendyks-v01_00-2026-03-08-anchory.html	1	H1	Jałta 3.0	jalta-3-0
D7	d7-zamrozone-jalta-3-apendyks-v01_00-2026-03-08.html	d7-zamrozone-jalta-3-apendyks-v01_00-2026-03-08-anchory.html	2	H2	1 Warstwa kognitywna — AuDHD jako styl decyzyjny	warstwa-kognitywna
D7	d7-zamrozone-jalta-3-apendyks-v01_00-2026-03-08.html	d7-zamrozone-jalta-3-apendyks-v01_00-2026-03-08-anchory.html	3	H3	Hipoteza	hipoteza-warstwa-kognitywna
D7	d7-zamrozone-jalta-3-apendyks-v01_00-2026-03-08.html	d7-zamrozone-jalta-3-apendyks-v01_00-2026-03-08-anchory.html	4	H4	Trump — podręcznikowy profil ADHD	trump-profil-adhd
D7	d7-zamrozone-jalta-3-apendyks-v01_00-2026-03-08.html	d7-zamrozone-jalta-3-apendyks-v01_00-2026-03-08-anchory.html	5	H4	Aliyev — AuDHD w trybie strategicznym	aliyev-audhd-strategiczne
D7	d7-zamrozone-jalta-3-apendyks-v01_00-2026-03-08.html	d7-zamrozone-jalta-3-apendyks-v01_00-2026-03-08-anchory.html	6	H4	Izrael — państwo z AuDHD	izrael-panstwo-z-audhd
D7	d7-zamrozone-jalta-3-apendyks-v01_00-2026-03-08.html	d7-zamrozone-jalta-3-apendyks-v01_00-2026-03-08-anchory.html	7	H2	2 Warstwa tożsamościowa — trzy narody bez państwa	warstwa-tozsamosciowa
D7	d7-zamrozone-jalta-3-apendyks-v01_00-2026-03-08.html	d7-zamrozone-jalta-3-apendyks-v01_00-2026-03-08-anchory.html	8	H3	Fundament koalicji	fundament-koalicji
D7	d7-zamrozone-jalta-3-apendyks-v01_00-2026-03-08.html	d7-zamrozone-jalta-3-apendyks-v01_00-2026-03-08-anchory.html	9	H4	Wspólna cecha 1: Państwo jako projekt, nie dana	panstwo-jako-projekt
D7	d7-zamrozone-jalta-3-apendyks-v01_00-2026-03-08.html	d7-zamrozone-jalta-3-apendyks-v01_00-2026-03-08-anchory.html	10	H4	Wspólna cecha 2: Wzajemne rozpoznanie	wzajemne-rozpoznanie
D7	d7-zamrozone-jalta-3-apendyks-v01_00-2026-03-08.html	d7-zamrozone-jalta-3-apendyks-v01_00-2026-03-08-anchory.html	11	H4	Wspólna cecha 3: Samowystarczalność jako imperatyw przetrwania	samowystarczalnosc-przetrwanie
D7	d7-zamrozone-jalta-3-apendyks-v01_00-2026-03-08.html	d7-zamrozone-jalta-3-apendyks-v01_00-2026-03-08-anchory.html	12	H3	Trzy tysiące lat wspólnej historii	trzy-tysiace-lat-historii
D7	d7-zamrozone-jalta-3-apendyks-v01_00-2026-03-08.html	d7-zamrozone-jalta-3-apendyks-v01_00-2026-03-08-anchory.html	13	H3	Abraham w górach Zagros	abraham-w-zagros
D7	d7-zamrozone-jalta-3-apendyks-v01_00-2026-03-08.html	d7-zamrozone-jalta-3-apendyks-v01_00-2026-03-08-anchory.html	14	H2	3 Warstwa paradoksu — nieufność jako stabilizator	warstwa-paradoksu
D7	d7-zamrozone-jalta-3-apendyks-v01_00-2026-03-08.html	d7-zamrozone-jalta-3-apendyks-v01_00-2026-03-08-anchory.html	15	H3	Teza	teza-nieufnosc-stabilizator
D7	d7-zamrozone-jalta-3-apendyks-v01_00-2026-03-08.html	d7-zamrozone-jalta-3-apendyks-v01_00-2026-03-08-anchory.html	16	H3	Precedensy zdrady	precedensy-zdrady
D7	d7-zamrozone-jalta-3-apendyks-v01_00-2026-03-08.html	d7-zamrozone-jalta-3-apendyks-v01_00-2026-03-08-anchory.html	17	H3	Pięć mechanizmów, przez które nieufność wzmacnia projekt	piec-mechanizmow-nieufnosci
D7	d7-zamrozone-jalta-3-apendyks-v01_00-2026-03-08.html	d7-zamrozone-jalta-3-apendyks-v01_00-2026-03-08-anchory.html	18	H4	Mechanizm 1: Autonomia działania	autonomia-dzialania
D7	d7-zamrozone-jalta-3-apendyks-v01_00-2026-03-08.html	d7-zamrozone-jalta-3-apendyks-v01_00-2026-03-08-anchory.html	19	H4	Mechanizm 2: Struktury niepodległe od patrona	struktury-niezalezne-od-patrona
D7	d7-zamrozone-jalta-3-apendyks-v01_00-2026-03-08.html	d7-zamrozone-jalta-3-apendyks-v01_00-2026-03-08-anchory.html	20	H4	Mechanizm 3: Uniezależnienie od attention spanu Trumpa	niezaleznosc-od-attention-spanu-trumpa
D7	d7-zamrozone-jalta-3-apendyks-v01_00-2026-03-08.html	d7-zamrozone-jalta-3-apendyks-v01_00-2026-03-08-anchory.html	21	H4	Mechanizm 4: Eliminacja pułapki zależności	eliminacja-pulapki-zaleznosci
D7	d7-zamrozone-jalta-3-apendyks-v01_00-2026-03-08.html	d7-zamrozone-jalta-3-apendyks-v01_00-2026-03-08-anchory.html	22	H4	Mechanizm 5: Budowa legitymacji wewnętrznej, nie zewnętrznej	legitymacja-wewnetrzna
D7	d7-zamrozone-jalta-3-apendyks-v01_00-2026-03-08.html	d7-zamrozone-jalta-3-apendyks-v01_00-2026-03-08-anchory.html	23	H2	4 Warstwa matematyczna — równowagi Nasha	warstwa-matematyczna
D7	d7-zamrozone-jalta-3-apendyks-v01_00-2026-03-08.html	d7-zamrozone-jalta-3-apendyks-v01_00-2026-03-08-anchory.html	24	H3	Definicja	definicja-rownowagi-nasha
D7	d7-zamrozone-jalta-3-apendyks-v01_00-2026-03-08.html	d7-zamrozone-jalta-3-apendyks-v01_00-2026-03-08-anchory.html	25	H3	Test Nasha: trójkąt Żydzi — Azerowie — Kurdowie	nash-trojkat-zydzi-azerowie-kurdowie
D7	d7-zamrozone-jalta-3-apendyks-v01_00-2026-03-08.html	d7-zamrozone-jalta-3-apendyks-v01_00-2026-03-08-anchory.html	26	H4	Izrael defektuje?	izrael-defektuje
D7	d7-zamrozone-jalta-3-apendyks-v01_00-2026-03-08.html	d7-zamrozone-jalta-3-apendyks-v01_00-2026-03-08-anchory.html	27	H4	Azerbejdżan defektuje?	azerbejdzan-defektuje
D7	d7-zamrozone-jalta-3-apendyks-v01_00-2026-03-08.html	d7-zamrozone-jalta-3-apendyks-v01_00-2026-03-08-anchory.html	28	H4	Kurdowie defektują?	kurdowie-defektuja
D7	d7-zamrozone-jalta-3-apendyks-v01_00-2026-03-08.html	d7-zamrozone-jalta-3-apendyks-v01_00-2026-03-08-anchory.html	29	H3	Test Nasha: czworokąt z USA	nash-czworokat-z-usa
D7	d7-zamrozone-jalta-3-apendyks-v01_00-2026-03-08.html	d7-zamrozone-jalta-3-apendyks-v01_00-2026-03-08-anchory.html	30	H4	USA defektują?	usa-defektuja
D7	d7-zamrozone-jalta-3-apendyks-v01_00-2026-03-08.html	d7-zamrozone-jalta-3-apendyks-v01_00-2026-03-08-anchory.html	31	H4	Trójkąt defektuje wobec USA?	trojkat-defektuje-wobec-usa
D7	d7-zamrozone-jalta-3-apendyks-v01_00-2026-03-08.html	d7-zamrozone-jalta-3-apendyks-v01_00-2026-03-08-anchory.html	32	H3	Test Nasha: pełny system	nash-pelny-system
D7	d7-zamrozone-jalta-3-apendyks-v01_00-2026-03-08.html	d7-zamrozone-jalta-3-apendyks-v01_00-2026-03-08-anchory.html	33	H4	Turcja defektuje? → irracjonalne	turcja-defektuje
D7	d7-zamrozone-jalta-3-apendyks-v01_00-2026-03-08.html	d7-zamrozone-jalta-3-apendyks-v01_00-2026-03-08-anchory.html	34	H4	Armenia defektuje? → irracjonalne	armenia-defektuje
D7	d7-zamrozone-jalta-3-apendyks-v01_00-2026-03-08.html	d7-zamrozone-jalta-3-apendyks-v01_00-2026-03-08-anchory.html	35	H4	UE defektuje? → irracjonalne	ue-defektuje
D7	d7-zamrozone-jalta-3-apendyks-v01_00-2026-03-08.html	d7-zamrozone-jalta-3-apendyks-v01_00-2026-03-08-anchory.html	36	H4	GCC defektuje? → irracjonalne	gcc-defektuje
D7	d7-zamrozone-jalta-3-apendyks-v01_00-2026-03-08.html	d7-zamrozone-jalta-3-apendyks-v01_00-2026-03-08-anchory.html	37	H4	Chiny defektują? → irracjonalne (jeśli deal Władywostok)	chiny-defektuja
D7	d7-zamrozone-jalta-3-apendyks-v01_00-2026-03-08.html	d7-zamrozone-jalta-3-apendyks-v01_00-2026-03-08-anchory.html	38	H3	Trzy zagnieżdżone równowagi	trzy-zagniezdzone-rownowagi
D7	d7-zamrozone-jalta-3-apendyks-v01_00-2026-03-08.html	d7-zamrozone-jalta-3-apendyks-v01_00-2026-03-08-anchory.html	39	H2	5 Warstwa epistemologiczna — dlaczego ta analiza wygląda tak, jak wygląda	warstwa-epistemologiczna
D7	d7-zamrozone-jalta-3-apendyks-v01_00-2026-03-08.html	d7-zamrozone-jalta-3-apendyks-v01_00-2026-03-08-anchory.html	40	H3	Odwrócona metoda naukowa	odwrocona-metoda-naukowa
D7	d7-zamrozone-jalta-3-apendyks-v01_00-2026-03-08.html	d7-zamrozone-jalta-3-apendyks-v01_00-2026-03-08-anchory.html	41	H2	Synteza: dlaczego to zadziała(ć może)	synteza-dlaczego-moze-zadzialac
D7	d7-zamrozone-jalta-3-apendyks-v01_00-2026-03-08.html	d7-zamrozone-jalta-3-apendyks-v01_00-2026-03-08-anchory.html	42	H3	Pięć warstw = pięć powodów	piec-warstw-piec-powodow
D7	d7-zamrozone-jalta-3-apendyks-v01_00-2026-03-08.html	d7-zamrozone-jalta-3-apendyks-v01_00-2026-03-08-anchory.html	43	H3	Ostatnie zdanie	ostatnie-zdanie
E1	ropa-gaz-geopolityka-analiza-v01_00-2026-03-17.html	ropa-gaz-geopolityka-analiza-v01_00-2026-03-17-anchory.html	1	H1	Ropa, gaz i geopolityka	ropa-gaz-geopolityka
E1	ropa-gaz-geopolityka-analiza-v01_00-2026-03-17.html	ropa-gaz-geopolityka-analiza-v01_00-2026-03-17-anchory.html	2	H2	1. Struktura globalnego popytu na ropę i gaz (2024)	globalny-popyt-ropa-gaz-2024
E1	ropa-gaz-geopolityka-analiza-v01_00-2026-03-17.html	ropa-gaz-geopolityka-analiza-v01_00-2026-03-17-anchory.html	3	H3	1.1. Transport — podział wewnętrzny	transport-podzial-wewnetrzny
E1	ropa-gaz-geopolityka-analiza-v01_00-2026-03-17.html	ropa-gaz-geopolityka-analiza-v01_00-2026-03-17-anchory.html	4	H2	"2. Substytucja: co można zastąpić „już teraz""?"	substytucja-juz-teraz
E1	ropa-gaz-geopolityka-analiza-v01_00-2026-03-17.html	ropa-gaz-geopolityka-analiza-v01_00-2026-03-17-anchory.html	5	H3	2.1. Transport drogowy + generacja prądu i ciepła (~267 EJ, 78%)	transport-drogi-prad-cieplo
E1	ropa-gaz-geopolityka-analiza-v01_00-2026-03-17.html	ropa-gaz-geopolityka-analiza-v01_00-2026-03-17-anchory.html	6	H3	2.2. Surowiec do procesów przemysłowych (~35 EJ, 10%)	surowiec-procesy-przemyslowe
E1	ropa-gaz-geopolityka-analiza-v01_00-2026-03-17.html	ropa-gaz-geopolityka-analiza-v01_00-2026-03-17-anchory.html	7	H3	2.3. Nawozy — szczególny przypadek feedstocku	nawozy-feedstock
E1	ropa-gaz-geopolityka-analiza-v01_00-2026-03-17.html	ropa-gaz-geopolityka-analiza-v01_00-2026-03-17-anchory.html	8	H2	3. Scenariusz Ormuz: inflacja ≠ głód	scenariusz-ormuz
E1	ropa-gaz-geopolityka-analiza-v01_00-2026-03-17.html	ropa-gaz-geopolityka-analiza-v01_00-2026-03-17-anchory.html	9	H3	3.1. Kluczowa dystynkcja: szok cenowy vs. fizyczny brak	szok-cenowy-vs-fizyczny-brak
E1	ropa-gaz-geopolityka-analiza-v01_00-2026-03-17.html	ropa-gaz-geopolityka-analiza-v01_00-2026-03-17-anchory.html	10	H3	3.2. Skala szoku: porównanie z Lehman Brothers / dot-com	skala-szoku-lehman-dot-com
E1	ropa-gaz-geopolityka-analiza-v01_00-2026-03-17.html	ropa-gaz-geopolityka-analiza-v01_00-2026-03-17-anchory.html	11	H3	3.3. Paradoks szybkiego szoku	paradoks-szybkiego-szoku
E1	ropa-gaz-geopolityka-analiza-v01_00-2026-03-17.html	ropa-gaz-geopolityka-analiza-v01_00-2026-03-17-anchory.html	12	H2	4. Geopolityka energii: substytucja jako zmiana topologii władzy	geopolityka-energii-topologia-wladzy
E1	ropa-gaz-geopolityka-analiza-v01_00-2026-03-17.html	ropa-gaz-geopolityka-analiza-v01_00-2026-03-17-anchory.html	13	H3	4.1. Gdyby a.1 + b były zelektryfikowane	elektryfikacja-transportu-i-generacji
E1	ropa-gaz-geopolityka-analiza-v01_00-2026-03-17.html	ropa-gaz-geopolityka-analiza-v01_00-2026-03-17-anchory.html	14	H3	4.2. Stary paradygmat vs. nowy: centralizacja vs. decentralizacja	centralizacja-vs-decentralizacja
E1	ropa-gaz-geopolityka-analiza-v01_00-2026-03-17.html	ropa-gaz-geopolityka-analiza-v01_00-2026-03-17-anchory.html	15	H3	4.3. Panel to capital good, baryłka to consumable	panel-capital-good-barylka-consumable
E1	ropa-gaz-geopolityka-analiza-v01_00-2026-03-17.html	ropa-gaz-geopolityka-analiza-v01_00-2026-03-17-anchory.html	16	H2	5. Monopole surowcowe: trwałość saudyjska vs. chińska	monopole-surowcowe
E1	ropa-gaz-geopolityka-analiza-v01_00-2026-03-17.html	ropa-gaz-geopolityka-analiza-v01_00-2026-03-17-anchory.html	17	H3	5.1. Saudyjska dźwignia cenowa: autoimmunologia	saudyjska-dzwignia-autoimmunologia
E1	ropa-gaz-geopolityka-analiza-v01_00-2026-03-17.html	ropa-gaz-geopolityka-analiza-v01_00-2026-03-17-anchory.html	18	H3	5.2. Chiński monopol na surowce krytyczne: aktywny i czasowy	chinski-monopol-surowcow-krytycznych
E1	ropa-gaz-geopolityka-analiza-v01_00-2026-03-17.html	ropa-gaz-geopolityka-analiza-v01_00-2026-03-17-anchory.html	19	H3	"5.3. Dlaczego chiński „OPEC na surowce krytyczne"" ma wbudowany zegar samozniszczenia"	chinski-opec-zegar-samozniszczenia
E1	ropa-gaz-geopolityka-analiza-v01_00-2026-03-17.html	ropa-gaz-geopolityka-analiza-v01_00-2026-03-17-anchory.html	20	H2	6. Wymiar etyczny: kryzysy, moralność i transformacja	wymiar-etyczny-transformacji
E1	ropa-gaz-geopolityka-analiza-v01_00-2026-03-17.html	ropa-gaz-geopolityka-analiza-v01_00-2026-03-17-anchory.html	21	H3	6.1. Tani surowiec od dyktatorów jako moralny hazard	tani-surowiec-moralny-hazard
E1	ropa-gaz-geopolityka-analiza-v01_00-2026-03-17.html	ropa-gaz-geopolityka-analiza-v01_00-2026-03-17-anchory.html	22	H3	6.2. Kryzysy nie zawsze moralizują — warunek: substytut	kryzys-warunek-substytut
E1	ropa-gaz-geopolityka-analiza-v01_00-2026-03-17.html	ropa-gaz-geopolityka-analiza-v01_00-2026-03-17-anchory.html	23	H3	6.3. Kto przyspieszył dekarbonizację?	kto-przyspieszyl-dekarbonizacje
E1	ropa-gaz-geopolityka-analiza-v01_00-2026-03-17.html	ropa-gaz-geopolityka-analiza-v01_00-2026-03-17-anchory.html	24	H3	6.4. Energia jako narzędzie sprawiedliwości	energia-sprawiedliwosc
E1	ropa-gaz-geopolityka-analiza-v01_00-2026-03-17.html	ropa-gaz-geopolityka-analiza-v01_00-2026-03-17-anchory.html	25	H2	7. Podsumowanie tez	podsumowanie-tez
E2	monopole-moralnosc-transformacja-zrodla-v01_00-2026-03-17.html	monopole-moralnosc-transformacja-zrodla-v01_00-2026-03-17-anchory.html	1	H1	Monopole, moralność i transformacja	monopole-moralnosc-transformacja
E2	monopole-moralnosc-transformacja-zrodla-v01_00-2026-03-17.html	monopole-moralnosc-transformacja-zrodla-v01_00-2026-03-17-anchory.html	2	H2	1. Saudyjska dźwignia cenowa: anatomia samolikwidacji	saudyjska-dzwignia-samolikwidacja
E2	monopole-moralnosc-transformacja-zrodla-v01_00-2026-03-17.html	monopole-moralnosc-transformacja-zrodla-v01_00-2026-03-17-anchory.html	3	H2	2. Chiński monopol na REE i lit: strategia, mechanizm, erozja	chinski-monopol-ree-lit
E2	monopole-moralnosc-transformacja-zrodla-v01_00-2026-03-17.html	monopole-moralnosc-transformacja-zrodla-v01_00-2026-03-17-anchory.html	4	H3	"2.1. Strategia: „nie geologia, lecz processing"""	strategia-processing
E2	monopole-moralnosc-transformacja-zrodla-v01_00-2026-03-17.html	monopole-moralnosc-transformacja-zrodla-v01_00-2026-03-17-anchory.html	5	H3	2.2. Erozja: czy zegar samozniszczenia naprawdę tyka?	erozja-zegar-samozniszczenia
E2	monopole-moralnosc-transformacja-zrodla-v01_00-2026-03-17.html	monopole-moralnosc-transformacja-zrodla-v01_00-2026-03-17-anchory.html	6	H2	3. Wandel durch Handel: anatomia moralnego hazardu energetycznego	wandel-durch-handel-moralny-hazard
E2	monopole-moralnosc-transformacja-zrodla-v01_00-2026-03-17.html	monopole-moralnosc-transformacja-zrodla-v01_00-2026-03-17-anchory.html	7	H3	3.1. Niemiecka zależność od rosyjskiego gazu jako case study	niemiecka-zaleznosc-rosyjski-gaz
E2	monopole-moralnosc-transformacja-zrodla-v01_00-2026-03-17.html	monopole-moralnosc-transformacja-zrodla-v01_00-2026-03-17-anchory.html	8	H3	"3.2. „Nowe kraje członkowskie"" vs. „stare"""	nowe-vs-stare-kraje-czlonkowskie
E2	monopole-moralnosc-transformacja-zrodla-v01_00-2026-03-17.html	monopole-moralnosc-transformacja-zrodla-v01_00-2026-03-17-anchory.html	9	H2	4. Kryzysy a moralność: kiedy szok prowadzi do solidarności, a kiedy do sauve qui peut?	kryzysy-moralnosc-solidarnosc-sauve-qui-peut
E2	monopole-moralnosc-transformacja-zrodla-v01_00-2026-03-17.html	monopole-moralnosc-transformacja-zrodla-v01_00-2026-03-17-anchory.html	10	H3	4.1. 1973 vs. 2022: dwa tryby reakcji	1973-vs-2022
E2	monopole-moralnosc-transformacja-zrodla-v01_00-2026-03-17.html	monopole-moralnosc-transformacja-zrodla-v01_00-2026-03-17-anchory.html	11	H3	4.2. Asymetria kosztów: kto płaci za transformację?	asymetria-kosztow-transformacji
E2	monopole-moralnosc-transformacja-zrodla-v01_00-2026-03-17.html	monopole-moralnosc-transformacja-zrodla-v01_00-2026-03-17-anchory.html	12	H2	5. Podsumowanie korekt	podsumowanie-korekt
