audio_id,nazwa
0004,0004 - Daniela Andrade - La Vie En Rose
0008,0008 - John Smith - PINK FLOYD： Take It Back (2011 - Remaster⧸1080p)
0019,0019 - Solo Ansamblis - Solo Ansamblis - Baloje
0049,0049 - Nosowska - Uroda
0052,0052 - NOSOWSKA - Nosowska - Kokaina
0059,0059 - Kovacs - Kovacs - The Devil You Know (Official Video)
0065,0065 - Dealer de Musique - Seth XVI - Your Taste
0075,"0075 - newabratv - Zbigniew Zamachowski & Grupa MoCarta - Kobiety jak te kwiaty (Official Video, 2011)"
0088,0088 - Damiano David - Damiano David - Nothing Breaks Like a Heart - Spotify Singles ｜ Official Video
0099,0099 - Maanam - Cykady na Cykladach (2011 Remaster)
0101,0101 - Xezzy Yeats - Daab - Ogrodu Serce (teledysk)
0102,0102 - Przemek2500 - Anna Jantar - Nic nie może wiecznie trwać
0107,0107 - Eileen - Shchedryk ⧸ Щедрик. Carol of the Bells. Original Ukrainian Version with English and Ukrainian Lyrics
0108,0108 - Tulia - Nieznajomy
0115,0115 - Joseph - Angelo Badalamenti explains how he wrote Laura Palmer's Theme
0116,0116 - Angelo Badalamenti - The Bookhouse Boys (Instrumental)
0137,0137 - Obywatel Republikanin - OPOLE 2001 - Republika - Biała flaga
0170,0170 - KayaxTV - Swiernalis - Ptak (Official Audio)
0190,0190 - The White Stripes - The White Stripes - Seven Nation Army (Official Music Video)
0199,0199 - Laurence Mason - Dave Brubeck - Golden Brown
0209,0209 - Eefje de Visser - Eefje de Visser - Scheef
0231,0231 - Musicalicious - Raz Ohara - See It Coming (Original Mix)
0248,0248 - marcin23-s - Zdzislawa Sosnicka Pozegnanie z bajką
0266,0266 - S.P. RECORDS - STRACHY NA LACHY - Czarny chleb i czarna kawa [OFFICIAL AUDIO]
0269,0269 - ABKCOVEVO - The Rolling Stones - (I Can't Get No) Satisfaction (Official Lyric Video)
0278,0278 - nettwerkbackstage - Massive Attack Ft. Hope Sandoval - Paradise Circus
0283,0283 - Dire Straits - Six Blade Knife
0316,0316 - Gaiea Sanskrit - DURGĀ SŪKTAM ｜ Sanskrit Vedic Chanting ｜ Mantra for Great Courage & Protection
0317,0317 - Gaiea Sanskrit - Shiva Sankalpa Suktam ｜ Sanskrit Vedic Mantra ｜ Pure Resolution for the Mind
0329,0329 - slackwaxmusic - Slackwax feat. Dan Reeder - Willow Tree
0336,0336 - Szymon Kesy - Dikanda - Dikanda
0379,0379 - MORSE music - MORSE - Shaman
0412,0412 - Suuns - Up Past The Nursery
0426,0426 - Asinella Recs - Clara Luzia - Cosmic Bruise (Radio Mix)
0461,0461 - George Ezra - George Ezra - Budapest (Official Video)
0468,0468 - Jakub Józef Orliński - Countertenor - S.Moniuszko ＂Prząśniczka＂ - Jakub Józef Orliński & Aleksander Dębicz
0474,0474 - NØ FØRMAT! - Mélissa Laveaux - My Boat
0477,0477 - Dawid Tyszkowski - Dawid Tyszkowski - Koszulka (Official Video)
0523,0523 - Kamp! Official - Kamp! - Breaking A Ghost's Heart
0538,0538 - Domino Recording Co. - Junior Boys - In The Morning (Official Video)
0539,0539 - Universe TeleVision - SKARBY - Nektar (feat. Błękit)
0548,0548 - Kaptur - Kaptur - BABY？ feat. Fagata (Official Video)
0576,0576 - Solar Fields - Phase 09 - Sombrero (2021 Remaster)
0587,0587 - Marcus - Regine Dobberschütz - Solo Sunny
0610,0610 - Radical Face - Radical Face - Jolene (Dolly Parton Cover)
0622,0622 - TheClementines - The Clementines - Calm Down
0637,0637 - TheSoundYouNeed - Tom Odell - Another Love (Zwette Edit)
0638,0638 - DakhaBrakha - DakhaBrakha - Vesna
0652,0652 - Mystic Production TV - Patryk Pietrzak - Maryś (Official Video)
0656,0656 - stranglersofficial - The Stranglers - Midnight Summer Dream
0678,0678 - SofjaLadislava - Zuboly - Másfélmillió tépés Magyarországon HQ
0697,0697 - thedigitalfrog - Tok Tok Tok - Walk On The Wild Side (Lou Reed Cover)
0705,0705 - Czakulec - Koniec Świata - Oranżada
0710,0710 - Maanam - Lipstick on the Glass (2011 Remaster)
0747,0747 - tindersticksofficial - Willow by tindersticks (featuring Robert Pattinson)
0764,0764 - Jarosław Lewandowski - Bajm - Nie Ma Wody Na Pustyni
0771,0771 - Melanie De Biasio - Afro Blue
0777,0777 - JPATTERSSON - JPATTERSSON - Rakoon Riddim (Original Version)
0778,0778 - deadcombomusic - DEAD COMBO ＂Esse Olhar Que Era Só Teu＂
0804,0804 - Dawne Melodie - Alicja Majewska    Dawne Melodie   Odkryjemy miłość nieznaną
0807,0807 - piszczyk90 - Eugeniusz Bodo - Sex appeal
0810,0810 - MartwicaSluchu - Krystyna Prońko - Psalm stojących w kolejce
0825,0825 - Martha Wainwright - The Wainwright Sisters - El Condor Pasa
0846,0846 - JahanChannel - Lilies of the valley
0848,0848 - Froggydelight - Ndidi - Sugar Man (Froggy's Session)
0851,0851 - TV Noir - Martin Kohlstedt - VET (live bei TV Noir)
0884,0884 - deadoralivetv - Dead Or Alive - You Spin Me Round (Like a Record) (Official Video)
