term_pl	term_en	typ	maciek	concept_id	concept_key	uwagi
zombierewizor	zombie reviewer	neologizm	*			Maćkowy neologizm; pisać konsekwentnie jako “zombie reviewer”.
pomaganie kosztem siebie	helping at your own expense	termin	*			Charakterystyczne sformułowanie tezy AU07.
osoba fundatorska	foundational builder	neologizm	*			Nie tłumaczyć jako startup founder; chodzi o osobę budującą fundament technologiczny.
abstrakcja abstrakcji	abstraction of abstraction	neologizm	*			Zbitka używana dla meta-poziomu.
domknięcie wewnętrzne założeń	internal closure of assumptions	termin	*			Maćkowa fraza modelowa; zachować „closure”.
folk-taksonomia	folk taxonomy	termin	*			Spolszczona zbitka; w EN standardowe folk taxonomy.
support swapping	support swapping	termin	*			Nazwa ND love language; nie tłumaczyć dalej.
koszt tłumaczenia	translation cost	termin	*			Relacyjna metafora kosztu przekładu między kodami ND/NT.
tabliczka ND-status	ND-status notice	neologizm	*			Proponowany standard informacyjny przed terapią.
trójkąt spalania	combustion triangle	termin	*			Maćkowe określenie w analizie systemowej
Hanza 2.0	Hanseatic League 2.0	neologizm	*			Maćkowa nazwa modelu regionalnego
Disinfolklore	Disinfolklore	neologizm	*			Maćkowy termin
dark legitimacy	dark legitimacy	neologizm	*			termin własny / roboczy
cztery tryby	four modes	termin	*			Stała rama interpretacji relacji intencja–działanie–informacja.
asymetria opcjonalności	asymmetry of optionality	termin	*			Maćkowa rama analityczna dotycząca różnicy w dostępnych opcjach działania.
kampania ujawnienia	reveal campaign	termin	*			Skoordynowane ujawnianie zdolności, doktryny i sygnałów.
long-range sanctions	long-range sanctions	termin	*			Nazwana rama ukraińskich uderzeń dalekiego zasięgu; pozostawić po angielsku.
kompresja napraw	repair compression	termin	*			Skracanie okna dostępnego na naprawę między kolejnymi uderzeniami.
wyspa logistyczna	logistical island	termin	*			Stan obszaru, którego połączenia logistyczne są stopniowo odcinane.
patrymonialny grid lock	patrimonial gridlock	neologizm	*			Hybrydowa rama opisująca stabilność reżimu dzięki sieciom klientelistycznym.
detekcja absencji	absence detection	termin	*			Wykorzystywanie brakujących danych lub elementów wzorca jako sygnału.
cascade gradient	cascade gradient	neologizm	*			Maćkowe określenie uporządkowanych ścieżek propagacji skutków w systemie.
demembranizacja perymetru	demembranisation of the perimeter	neologizm	*			Maćkowe określenie stopniowego rozbierania warstw ochronnych/peryferyjnych.
sygnalizacja kalendarzem	calendar-based signalling	termin	*			Wykorzystanie daty zdarzenia jako części komunikatu strategicznego.
kaskada paliwowa	fuel cascade	termin	*			Łańcuch propagujących się braków i awarii w systemie paliwowym.
milczenie strategiczne	strategic silence	termin	*			Luka między wiedzą strategiczną a publicznym językiem decydentów.
doktryna maksymalizacji eskalacji	doctrine of maximising escalation	termin	*			Wyjście z eskalacji przez zwiększanie presji do wymuszenia decyzji.
zarządzany upadek	managed decline	termin	*			Kontrolowane kurczenie i restrukturyzacja zamiast wzrostu.
chiński substytut komponentowy	Chinese component substitute	termin	*			Zastępowanie zachodnich komponentów dostawami chińskimi.
sankcje kinetyczne	kinetic sanctions	neologizm	*			Fizyczne niszczenie infrastruktury jako odpowiedź na obchodzenie sankcji.
najkrótszy zapalnik	shortest fuse	neologizm	*			Proces mogący najszybciej przeprowadzić system z erozji do jawnego kryzysu.
asymetria ograniczeń	asymmetry of constraints	termin	*			Rozróżnienie ograniczeń fizycznych/jednokierunkowych i politycznie odwracalnych.
inwentarz opcji	inventory of options	termin	*			Rozdzielenie opcji realnych od pozornych.
zapas kontra strumień	stock vs flow	termin	*			Maćkowa rama porównująca zużywające się zapasy z odnawialnym strumieniem presji.
cebula transportowa	transport onion	neologizm	*			Warstwowa metafora kolejnych wąskich gardeł transportowych.
pułapka jedynego decydenta	sole decision-maker trap	termin	*			Rozbieżność między interesem państwa a funkcją celu jedynego realnego decydenta.
ruch resztkowy	residual move	termin	*			Ruch wysokiego ryzyka pozostający po wyczerpaniu bezpieczniejszych opcji.
paradoks zapędzenia	cornering paradox	neologizm	*			Im mniej bezpiecznych wyjść, tym atrakcyjniejszy staje się ruch resztkowy wysokiego ryzyka.
fenomenologia końca państwa	phenomenology of state ending	termin	*			Opis formy i przebiegu końca państwa, niezależnie od pełnej etiologii.
spoiwo wewnętrzne	internal binding	termin	*			Mechanizmy kalkulacyjne utrzymujące aparat i centrum razem.
czujnik siły	strength sensor	neologizm	*			Aktor lub grupa reagująca na postrzeganą siłę centrum.
Archetypal Disinfolklore Literacy	Archetypal Disinfolklore Literacy	neologizm	*			Nazwa narzędzia metody; pozostawić po angielsku.
Incoming-Outgoing Troll Radars	Incoming–Outgoing Troll Radars	neologizm	*			Nazwa filtra wejściowych i wychodzących treści.
Witch Switch	Witch Switch	neologizm	*			Nazwa mechanizmu przekierowania realnego lęku na sfabrykowanego winnego.
Re-Archetyping	Re-Archetyping	neologizm	*			Świadoma podmiana archetypu w mentalnym modelu obiektu.
Data-Resistant Archetypes	Data-Resistant Archetypes	neologizm	*			Archetypy oporne na dane i korektę faktami.
Counter-Disinfolklore	Counter-Disinfolklore	neologizm	*			Zestaw narzędzi obronnych wobec Disinfolklore.
przesłuchanie informacyjne	informational cross-examination	neologizm	*			Quasi-sądowy test wiarygodności metody analitycznej.
taksonomia rosyjskiego samobójstwa	taxonomy of Russian suicide	neologizm	*			Maćkowa nazwa katalogu podejrzanych zgonów prominentnych Rosjan.
metoda podwójna	double method	termin	*			Przypadek z więcej niż jednym pozornie samobójczym mechanizmem.
cornered animal	cornered animal	termin	*			Rama zachowania autokraty zapędzonego w sytuację bez bezpiecznych wyjść.
Jałta 3.0	Yalta 3.0	neologizm	*			Maćkowa nazwa scenariusza przebudowy porządku od Kaukazu po Zatokę.
aura strachu	aura of fear	termin	*			Reputacja nieuchronnej siły jako zasób aparatu przymusu.
odwrócona metoda naukowa	reversed scientific method	neologizm	*			Sekwencja intuicja → prowokacja → dane → formalizacja.
trzy zagnieżdżone równowagi	three nested equilibria	termin	*			Lokalna, regionalna i szersza równowaga wzajemnie podtrzymująca system.
autoimmunologia	autoimmunity	neologizm	*			Metafora strategii cenowej niszczącej konkurentów, ale także wzmacniającej substytuty.
zegar samozniszczenia	self-destruct clock	neologizm	*			Wbudowany mechanizm stopniowej erozji monopolu.
energia jako narzędzie sprawiedliwości	energy as an instrument of justice	termin	*			Rama etyczna rozproszonej, tańszej energii jako ograniczenia zależności.
